ORIG,TREND,Imf_0,Imf_1,Imf_2,Imf_3,Imf_4,Imf_5
0.3009669,0.15282855077956933,-0.1079710870359473,0.49300571708854546,-0.3966396726056212,-0.3514966917760058,0.5150382050769357,-0.0037981215274761116
0.2987844,0.06638772387928978,-0.11642385014852938,0.5945148375596271,-0.40432469425478146,-0.35347532154779887,0.5160504655657204,-0.00394476105352767
0.23268466,-0.10204082727567611,-0.07948163513326323,0.6578953540677308,-0.4012171861977711,-0.3553682546201622,0.516989797257116,-0.004092588097974266
0.22125776,-0.22253592679083234,-0.005539335809416148,0.679301275565526,-0.3864250427188766,-0.35715722870251687,0.5178556158043581,-0.004241597348242113
0.20170566,-0.3325712953237221,0.0816935196229514,0.6564789550530895,-0.3593315487989623,-0.358819523922283,0.5186473368606836,-0.004391783491757127
0.45132008,-0.11890234609480714,0.1478788555266995,0.5884412472605886,-0.3205864911489851,-0.360332420406879,0.5193643760793286,-0.004543141215945389
0.80414665,0.31118746189426433,0.13435617654784343,0.4768073926179547,-0.27184166668163484,-0.3616731982837243,0.5200061491135295,-0.004695665208232711
-0.0068195825,-0.28822188293216067,0.013633455414285827,0.3297969028190265,-0.21493164158139108,-0.362819137680238,0.5205720716165227,-0.004849350156045313
-0.12590536,-0.1490423664839799,-0.13471552630985617,0.15723366505567274,-0.15169098203273318,-0.36374751872383826,0.5210615592415438,-0.005004190746809065
-0.16851847,0.032582682348449736,-0.23796668908000568,-0.031058433480238536,-0.08395425422014054,-0.364435621541945,0.5214740276418299,-0.00516018166794983
-0.12448126,0.20667508243654872,-0.24375182976310708,-0.22547933694709518,-0.013556024328092331,-0.36486072626197674,0.5218088924706166,-0.005317317606893862
-0.28173208,0.04765032840447344,-0.12212725037028409,-0.4165141626118421,0.057669141458932094,-0.3650001181786622,0.5220655745484499,-0.005475593251067083
-0.30572993,-0.061613688876248476,0.06749877239482631,-0.5912790992962813,0.12788667695645303,-0.3648312298339395,0.5222436419430853,-0.00563500328789528
-0.28959188,-0.14731348750529397,0.24491554600523885,-0.7346715810276632,0.19526201597999165,-0.36433200524895837,0.5223431742014897,-0.005795542404804716
-0.29978117,-0.1937838676652423,0.3143523393913495,-0.8312368912077155,0.2579605923450681,-0.363480515022844,0.5223643774486055,-0.005957205289221336
-0.3824654,-0.1796033671180425,0.19631255442769685,-0.8673904396913649,0.3142832109556275,-0.3622548297547208,0.5223074578093745,-0.006119986628570614
-0.17836247,0.24298241228163112,-0.10264462145935907,-0.8370948383872499,0.36313885731023215,-0.36063302004371434,0.5221726214087393,-0.0062838811102793905
-0.54820377,-0.03781111139927259,-0.3346997554003085,-0.7364496106208803,0.4038386729595419,-0.358593156488949,0.5219600743716417,-0.006448883421773192
-0.5618956,-0.27943048320101177,-0.3115258966003862,-0.5656414407767343,0.4357604956951359,-0.35611330968954946,0.5216700228230237,-0.0066149882504781205
0.5687671,0.27147870962979703,0.018596167213726273,-0.3409388725114836,0.45828216330859356,-0.3531715502446416,0.5213026728878281,-0.0067821902838198075
0.67523926,-0.16707394985160748,0.2900008128315409,-0.08263091429984934,0.4707815135914936,-0.3497459487533498,0.5208582306909969,-0.006950484209224779
0.97384286,-0.18495934064121697,0.32976992909379893,0.18899342538344863,0.4726363843354152,-0.34581457581479896,0.5203369023574719,-0.007119864714118612
1.0986667,-0.18402020411926515,0.19486882382826512,0.4535004014609096,0.4632295447356975,-0.3413604334318744,0.5197388940121952,-0.0072903264859277275
1.2221533,-0.05510672299076528,-0.029881765477923473,0.6899620005204383,0.441963489602724,-0.33638624922250493,0.519064411780109,-0.007461864212077597
1.2394811,0.0029982652648922756,-0.22918078206997813,0.8776384646566667,0.40824564515063805,-0.33089968220838034,0.5183136617861562,-0.007634472579995064
1.210046,-0.012491562180295113,-0.3195680211347561,0.9958518332544841,0.3614834375935832,-0.3249083914111901,0.5174868501552786,-0.0078081462771046484
1.2685912,0.0693391275016558,-0.31647772474787,1.024219624964601,0.301328905112652,-0.31842003585262246,0.5165841830124177,-0.00798287999083404
1.3742037,0.1491085727923992,-0.1483914594204038,0.9487304037045932,0.22875125940387048,-0.31144227455436724,0.515605866482516,-0.00815866840860797
1.1143042,-0.15882300526421364,0.1482352220871875,0.7763389225237347,0.14631922671874273,-0.3039827665381141,0.514552106690516,-0.008335506217853282
1.2570941,0.15180373558224997,0.3162241216521372,0.5232654329798951,0.056940258955905425,-0.2960491708255524,0.5134231097613596,-0.00851338810599471
0.4682849,-0.06241263442833987,0.1292256817289611,0.22207241806422617,-0.036478191986005395,-0.2876491464383709,0.512219081819989,-0.008692308760460097
-0.20284292,-0.002003988347995272,-0.20229039129994708,-0.09079747986811794,-0.13102867420835257,-0.27879035239825967,0.5109402289913466,-0.008872262868674045
-0.8250746,-0.15201032093690758,-0.30135721641219887,-0.3789563913937974,-0.22380373581249977,-0.2694804477269077,0.5095867574003743,-0.00905324511806316
-0.547675,0.181700016227914,-0.048773557888878244,-0.6079020649691826,-0.31189592489981033,-0.25972709144600403,0.508158873172014,-0.009235250196052728
-0.86350256,-0.20929218465589036,0.24348821982223368,-0.753001372658596,-0.39239778957164767,-0.24953794257723846,0.5066567824312082,-0.009418272790069463
-0.8516123,-0.102344511299515,0.26231008585097154,-0.8057337201951411,-0.4624018779293755,-0.23892066014230015,0.5050806913028993,-0.009602307587539148
-0.8808052,0.08066899686687608,0.07057761599947619,-0.7785887554580947,-0.5192236108815202,-0.22788290316287854,0.503430805912029,-0.009787349275887787
-0.848883,0.2621267987764817,-0.14025563232574598,-0.6846442880172185,-0.5614114876138528,-0.21643233066066278,0.5017073323835396,-0.009973392542540954
-0.90188175,0.14812493726610373,-0.20968045832310742,-0.5363964437394384,-0.5891032283136632,-0.2045766016573425,0.49991047684237355,-0.010160432074925705
-0.92672896,-0.12334383920151638,-0.1428833671567807,-0.3530922211032717,-0.6027781402168302,-0.19232337517460626,0.4980404454134722,-0.010348462560466875
-0.7235602,-0.27560284032841476,0.004692410341063568,-0.15561389475446008,-0.602911742326316,-0.17968409846706027,0.4960974442217786,-0.01053747868659089
0.06968623,0.15748416198912124,0.15030461853308302,0.03519301766067842,-0.5899643856080664,-0.16668538682632678,0.49408167939223463,-0.010727475140724205
0.3828055,0.2484279152442008,0.17256995239254,0.19848299849582418,-0.5643925723736872,-0.1533577041983681,0.4919933570497824,-0.010918446610292018
-0.04399182,-0.17646911952469022,0.005616176892603901,0.3145231465593738,-0.5266527898294292,-0.13973152963450142,0.489832683319364,-0.011110387782720877
-0.1334563,-0.19580226799116876,-0.17969338344659452,0.36878164782486533,-0.4772015251815427,-0.12583734218604453,0.4875998643259218,-0.011303293345436507
-0.03549894,-0.13617161002250946,-0.19871298552746983,0.3538543090730836,-0.4165609808273216,-0.11170562090431575,0.48529510619439803,-0.01149715798586492
0.41281688,0.14972024645126428,-0.04313483571319302,0.2780184107619895,-0.34564673531773166,-0.09736684484063093,0.48291861504973393,-0.011691976391432131
0.37111908,-0.09573767161193082,0.18300067668175898,0.1643625946052031,-0.26623788039603064,-0.08285149304630944,0.480470597016873,-0.011887743249564223
0.37478587,-0.14095083941354888,0.2594476934305298,0.03995922455064255,-0.18134696896802502,-0.06819004457266777,0.4779512582207565,-0.0120844532476872
0.37089694,-0.015228073939042394,0.14080674050915643,-0.07008516142940634,-0.09426229038278386,-0.05341297847102386,0.4753608047863269,-0.012282101073226907
0.3720051,0.18078200142339107,-0.07254248002800016,-0.1497873014213362,-0.00811510760627621,-0.03855077379269543,0.47269944283852633,-0.012480681413609394
0.35415712,0.28512085858686115,-0.25317483900899257,-0.1860336014628303,0.07459142192792516,-0.02363390958899991,0.4699673785022971,-0.012680188956260658
0.22051513,0.1252772282191179,-0.3342947730348384,-0.1679995036346457,0.1519408438476469,-0.008692864911255257,0.4671648179025813,-0.0128806183886067
-0.042581283,-0.34778953453368255,-0.2786865059739931,-0.09729253694169392,0.2237354104939004,0.006241881189222178,0.46429196716432053,-0.013081964398073432
0.28978372,-0.40905612802569535,-0.06730343007583618,0.006731566814050729,0.29020705088599713,0.021139849661113246,0.46134903241245756,-0.013284221672087112
0.7682144,-0.3915599332369095,0.20655421532035775,0.12081302754634184,0.3515876940432477,0.03597056145310096,0.45833621977193467,-0.013487384898073478
1.9048065,0.4193180680762608,0.36342127365174076,0.2216920651689334,0.408109268984962,0.05070353751386801,0.45525373536769353,-0.013691448763458304
1.3305273,-0.17732881641372583,0.2568006073269264,0.28753812819524505,0.4600037047304496,0.0653082987920962,0.452101785324677,-0.013896407955668481
0.98377186,-0.3445421121059245,0.0009525158413881709,0.3053314456966663,0.5074973257257037,0.0797543662364687,0.44888057576782664,-0.014102257162128954
1.0017028,-0.10407419714138524,-0.24616656351106014,0.27598851904777905,0.55066245905718,0.09401126079566778,0.44559031282208444,-0.014308991070265934
1.0646346,0.10543456207572245,-0.36964860675948097,0.2039127490956463,0.5891727939248501,0.10804850341837507,0.44223120261239296,-0.014516604367506052
1.0439894,0.07469034037294271,-0.29341443920734,0.09369595198882281,0.6231035722698813,0.12183561505327388,0.4388034512636942,-0.014725091741274888
1.0608157,0.023374507114468198,-0.12309359286551365,-0.047843466905235825,0.6526633189853026,0.13534211664904613,0.43530726490093063,-0.014934447878998013
1.1356313,0.11008395621433788,-0.0017142139860550764,-0.2159347125277454,0.6780605589641462,0.14853752915437457,0.43174284964904397,-0.015144667468101855
0.9752949,-0.09135354989262297,0.20011552929255647,-0.4071169364542799,0.699503817099441,0.16139137351794125,0.42811041163297675,-0.015355745196012618
1.2205018,0.0949634589940775,0.4092264723332768,-0.5836054015275168,0.7172016182842194,0.17387317068842856,0.4244101569776708,-0.015567675750156093
0.6431856,-0.13826744679264924,0.1602301478590432,-0.7009538680825343,0.7313624874115104,0.18595244161451938,0.4206422918080688,-0.015780453817958173
0.44107872,0.23238232841181075,-0.4068786596850502,-0.7250315535082693,0.7421949493743453,0.197598707244896,0.4168070222491122,-0.015994074086844803
-0.09719298,-0.36006011394442433,-0.45980064842188495,-0.6325511830487037,0.7497414537052713,0.20878148852823994,0.41290455442574375,-0.016208531244242038
1.4179265,0.485206926142828,0.0036366376191345807,-0.4362787931554284,0.753380148494902,0.21947030641323487,0.40893509446290505,-0.016423819977576033
1.665189,0.08977311850054398,0.37442319090303805,-0.169224011236776,0.7523210155895036,0.2296367727324242,0.4048988484855387,-0.016639934974272626
1.7568525,-0.26881733975034516,0.5240953534421954,0.13260879845762263,0.7457614689700769,0.23926506718362076,0.4007960226185872,-0.016856870921757507
1.7321157,-0.5511949275295381,0.4890669021684468,0.4334532327992988,0.732880014414458,0.24835827766780014,0.39662682298699176,-0.017074622507457088
1.6908735,-0.6686213874422157,0.31437821035327307,0.7002437560056243,0.7128509533706622,0.25692369641575874,0.3923914557156953,-0.01729318441879801
1.7395207,-0.5160886490839175,0.027444190414144504,0.9077703801383408,0.6848485872867012,0.26496861565829655,0.38809012692963935,-0.017512551343204997
1.9208785,-0.05483560186102783,-0.3458818893952109,1.0350581212337746,0.6480472176105905,0.27250032762621124,0.38372304275376695,-0.017732717968104477
2.1242354,0.45137848950357745,-0.6313805807829243,1.0617215622354603,0.6016530741614879,0.27952612455030146,0.37929040931301927,-0.01795367898092202
1.244044,-0.3480108450807896,-0.5652584621690679,0.9693147378422043,0.5453282670830336,0.2860532986613652,0.37479243273233936,-0.018175429069085113
2.2282197,0.26385035992016365,0.08406463677051514,0.7563047026528875,0.4800795022495815,0.29208914219020166,0.37022931913666884,-0.01839796292001848
1.9532615,-0.22618717054453666,0.6696552456185718,0.4579308257531727,0.4072416523753811,0.2976409473676089,0.36560127465095016,-0.018621275221147697
1.6253065,0.23611169296060097,0.29856705792096977,0.11769900777913944,0.32814959017467954,0.30271600642438556,0.3609085054001249,-0.01884536065990046
-0.026693389,-0.26841883383435317,-0.4242914850257159,-0.22252387367842175,0.24413818836172563,0.30732149383243235,0.3561513352680339,-0.01907021392370097
-0.20709951,0.17204314221016384,-0.657903117573085,-0.521280696790038,0.15654231965076984,0.311464113028057,0.3513305591741086,-0.019295829699976293
-0.19404201,0.31732306502851626,-0.4771645651491385,-0.742972703444635,0.06669685675605956,0.3151504496886709,0.3464470897966788,-0.01952220267615219
-0.1670831,0.2664811732140401,-0.16993227808163125,-0.879709027976734,-0.02406256892178013,0.3183870894916853,0.34150183981407434,-0.019749327539654457
-0.1605103,0.13866583463008034,0.12407693429257646,-0.9465985194672618,-0.11435369049662154,0.3211806181145107,0.3364957219046251,-0.019977198977909283
-0.15260188,0.01960338345348171,0.3588512252087523,-0.9631988675291042,-0.2026190794360057,0.3235376212345582,0.33142964874666053,-0.02020581167834267
-0.21122523,-0.11368044445953054,0.5074902262227825,-0.9491113625151368,-0.2872577064674832,0.3254646845292379,0.3263045330185106,-0.020435160328380428
-0.3718671,-0.2010189215603118,0.4922947367328244,-0.9239301733124615,-0.3666371833190689,0.3269683936759615,0.32112128739850493,-0.020665239615448507
-0.28858262,0.1578323562882064,0.27452276533993886,-0.9048931510591914,-0.43908470525909366,0.32805533435213974,0.31588082456497335,-0.020896044226973165
-0.9109469,-0.11873160776871212,-0.007247988218063198,-0.8998093097299641,-0.5033465748643088,0.32873209223518285,0.31058405719624566,-0.0211275688503803
-1.1193464,-0.04518949263492178,-0.21462030450168676,-0.9136794960466111,-0.5587344496168379,0.3290052256358082,0.3052319253373454,-0.0213598081730957
-1.1736726,0.06844479215180665,-0.2931667534375228,-0.9511600725422092,-0.6049044711875573,0.3288811693415803,0.2998254925564483,-0.02159275688254578
-1.3519319,-0.05850677556838538,-0.2374947018799606,-1.0149687693200031,-0.6418674241272898,0.32836627440594895,0.29436590615584635,-0.021826409666156756
-1.1845477,0.057136173288009705,-0.06895591870581214,-1.097275340671841,-0.6697130580191968,0.32746687725835083,0.2888543280618423,-0.022060761211352937
-1.1330352,0.021758842555038297,0.11868499258967255,-1.1721333410216708,-0.6885311224464408,0.3261893141863156,0.2832919203426475,-0.022295806205562433
-1.2024934,-0.07333078153639368,0.19930783718998232,-1.2097473158690397,-0.6984113669921842,0.32453992147737243,0.277679845066473,-0.022531539336209976
-1.1678572,0.024278608620888546,0.12156437559363778,-1.185884006957105,-0.6995925216872803,0.32252503541905053,0.27201926430153045,-0.022767955290721776
-1.1600419,0.10168904291209016,-0.03798070204014952,-1.0942972889776237,-0.6929094384008323,0.32015019514700915,0.2663113401160307,-0.023005048756524465
-1.1307752,0.11059514776936759,-0.18090731037612734,-0.9358498546469508,-0.679346901951469,0.3174192990480371,0.2605572345781854,-0.023242814421043197
-1.1436481,-0.0798933987405141,-0.2273321571052998,-0.7221505402773194,-0.6598905064528954,0.31434163979152707,0.2547581097562058,-0.023481246971704183
-0.8827525,-0.15670993166023506,-0.1583185892293731,-0.4683208253075363,-0.6355259983307142,0.31092805790548955,0.24891512771830285,-0.023720341095933635
-0.4350617,-0.17034037647867026,0.009044668407218353,-0.1927856208874856,-0.6072391240105276,0.30718939391793443,0.2430294505326882,-0.023960091481157443
0.1728935,-0.05516291357396112,0.2028295037770746,0.08520430390518112,-0.5760156299179382,0.30313648835687207,0.2371022402675731,-0.02420049281480161
0.8199793,0.18502620219622912,0.32592287933231745,0.34639817999281197,-0.5428412624785476,0.2987801817503125,0.23113465899116864,-0.024441539784292022
0.9712451,0.11612428505108245,0.2960319798681357,0.5732146468778432,-0.5087017681179588,0.2941313146262661,0.2251278687716862,-0.024683227077055003
0.7141972,-0.17006650442334914,0.12049371243883478,0.7549946754367242,-0.4745828932617738,0.28920072751274306,0.21908303167733698,-0.02492554938051602
0.61956865,-0.17590814276511818,-0.11898457375127856,0.8840996815200072,-0.441470384335595,0.28399926093775346,0.2130013097763325,-0.025168501382101388
0.6692894,-0.004389234117811078,-0.3306056916635683,0.9546247707494496,-0.41034998776502474,0.27853775542930775,0.20688386513688378,-0.025412077769237006
0.7897238,0.1622419007521688,-0.39925058581596684,0.9609370305358196,-0.38210718358529067,0.27282705151541614,0.200731859827202,-0.025656273229349075
0.8378958,0.0946556321951037,-0.23450898161750938,0.8991856971831593,-0.3569599109504774,0.266877989724088,0.19454645591549904,-0.025901082449863392
0.81424075,-0.15533983130708612,0.10650419829346572,0.774152598424221,-0.33395994134571505,0.26070141058333457,0.18832881546998567,-0.026146500118205844
1.2206398,0.15735832605922154,0.3723755341725038,0.5928027764465258,-0.3118925709364873,0.2543081546211655,0.1820801005588732,-0.02639252092180222
0.6469338,-0.16110076942790408,0.3347389755209749,0.36596729372732356,-0.28954309588827915,0.2477090623655913,0.17580147325037304,-0.026639139548079473
0.25041315,-0.025816739127114956,0.03846268831806416,0.11994129390277003,-0.2656968123665749,0.24091497434462195,0.16949409561269646,-0.026886350684462757
-0.08912803,0.15868111224144238,-0.2635177783852755,-0.11511405910125229,-0.23913901653685882,0.23393673108626767,0.1631591297140548,-0.027134149018378222
-0.6091259,-0.15630463677497708,-0.2913290388054926,-0.3090376013588608,-0.20865500456461566,0.22678517311853902,0.15679773762265917,-0.02738252923725182
-0.13300481,0.1335586343786283,-0.0004328081734145543,-0.435351299937541,-0.1730300726153293,0.2194711409694455,0.1504110814067209,-0.027631486028509896
-0.12803216,-0.10452990876257535,0.26173212727343875,-0.4823096458782502,-0.13104951685448438,0.21200547516699766,0.14400032313445146,-0.02788101407957789
0.10126826,0.06513211038287316,0.2477746588593286,-0.4435663102620312,-0.08190673201555627,0.2043990162392061,0.13756662487406193,-0.028131108077882275
0.047991045,0.06897854873375395,0.03261864958032349,-0.3265706369070915,-0.02642750710398116,0.19666260471408037,0.13111114869376364,-0.028381762710848784
-0.033628102,0.01425515850387334,-0.1986327710466607,-0.16821392487952117,0.03415427030681278,0.18880708111963126,0.12463505666176791,-0.028632972665903464
0.028091526,-0.08458470349771603,-0.2454658083574667,-0.010560738987898494,0.09860471264339883,0.18084328598386867,0.11813951084628602,-0.028884732630472313
0.6672633,0.12759957093794722,0.0058220834065334575,0.11288101746481893,0.16568993233235,0.1727820598348025,0.11162567331552924,-0.02913703729198133
0.7028812,-0.19004968512999162,0.24195885024836927,0.17645692508108865,0.23417604180023788,0.16463424320044337,0.10509470613770887,-0.029389881337856427
0.94964206,0.25151079118521213,0.004440725092823269,0.16583267838029644,0.30254267680735414,0.15641067660880165,0.09854777138103608,-0.029643259455523752
0.16362442,-0.28344059226967677,-0.2371287740003234,0.10601793328673384,0.3679647876140662,0.14812220058788694,0.09198603111372237,-0.029897166332409172
0.90548426,0.268110168605279,-0.014423060636619321,0.030062713142323772,0.4266957324752666,0.13977965566570996,0.08541064740397887,-0.030151596655938768
0.9129156,0.09422366376256494,0.20244007998218078,-0.03838835413255466,0.4748300908110499,0.13139388237028066,0.07882278232001687,-0.030406545113538352
0.701182,-0.1394458673178724,0.24570979669094947,-0.07808168418161161,0.5084624420415118,0.12297572122960916,0.07222359793004769,-0.03066200639263416
0.81672287,0.07741619077051123,0.1392623997572346,-0.07372979639105048,0.5245417819699681,0.11453601277170596,0.06561425630228258,-0.030917975180652087
0.6424439,-0.048676291779488484,0.06768797409942767,-0.03392865376348106,0.5234551094880253,0.10608428861560171,0.05899591950493285,-0.03117444616501813
0.65851593,0.07032338107014623,-0.06357938385002662,0.026683562370316275,0.5065251900921032,0.09762484474440929,0.05236974960620981,-0.03143141403315818
0.61197346,0.1513893896440976,-0.2111694019453488,0.09344964203313873,0.4750951268340237,0.08916066823226237,0.04573690867432468,-0.03168887347249825
0.5113347,0.17440210450965285,-0.33313428828336467,0.15167176956064704,0.4305486284527459,0.08069474615329461,0.039098558777488794,-0.03194681917046443
0.18600397,-0.08629167658567564,-0.3620420546853351,0.1874235874660882,0.3744334320538524,0.07223006558163943,0.03245586198391342,-0.03220524581448269
-0.06971873,-0.39503372897015604,-0.23268737415417007,0.192474471588568,0.3084124556744968,0.06376961359143052,0.02580998036180979,-0.032464148091979096
0.652588,0.150270756897976,0.05860853657062446,0.16750314143024633,0.23445063255534174,0.05531637725680149,0.01916207597938924,-0.032723520690379315
1.2524276,0.6055646227600419,0.3506895004693998,0.11507793781453422,0.15469224269638515,0.046873343651885814,0.01251331090486306,-0.03298335829710973
0.20761895,-0.3977014792497604,0.48509007336137916,0.03785629983629833,0.07130936459441932,0.038443499850817124,0.005864847206442543,-0.03324365559959615
-0.25295871,-0.6581263192138269,0.48311207891633756,-0.06016181904355004,-0.013525923253764035,0.030029832927728997,-0.0007821530476610857,-0.03350440728526451
-0.70331717,-0.8175041529977388,0.4027194469213974,-0.1713341156982635,-0.09764154235137266,0.021635329956755003,-0.007426527789236504,-0.033765608041540884
-0.6607008,-0.46654086459083777,0.30657725309276573,-0.2870403848064181,-0.17886541420161478,0.01326297801202875,-0.014067114950072455,-0.0340272525558513
-0.6882781,-0.20536663792983234,0.22082499936860833,-0.3986346773211823,-0.255025460307698,0.004915764167683806,-0.020702752461957616,-0.034289335515621834
-0.66096246,0.14325486762978423,0.08249077310587619,-0.4974710441957249,-0.3239496021728304,-0.0034033245021463042,-0.02733227825668072,-0.034551851608278145
-0.67481536,0.48694672283176904,-0.12293215843773023,-0.5749035363832137,-0.3834657613002203,-0.01169130092332793,-0.033954530266030444,-0.03481479552124646
-0.7164408,0.7714252263224508,-0.33858627590708296,-0.6222862048368165,-0.43140185919307555,-0.0199451780217275,-0.040568346421795666,-0.035078161941952554
-0.9214446,0.7942872979492905,-0.5084965011481836,-0.6309731005097039,-0.4655858173546036,-0.028161968723211517,-0.04717256465576491,-0.03534194555782296
-1.1915936,0.6100033705648344,-0.5997222890121229,-0.5917242238719939,-0.48443960777106104,-0.03633868595364627,-0.05376602289972694,-0.03560614105628347
-1.9496546,-0.22796668504567863,-0.5949632873944254,-0.4972725783498711,-0.4887614043608965,-0.04447234263889835,-0.06034755908547055,-0.035870743124759234
-1.8335205,-0.36800555489393283,-0.4727730704925744,-0.35718673378759097,-0.47994486663500274,-0.052558516595437525,-0.06691601114478438,-0.03613574645067721
-1.6128371,-0.5496422597286572,-0.24783138348637826,-0.18551565431003572,-0.459389171295497,-0.06058726844851114,-0.07347021700945722,-0.03640114572146337
-0.1121069,0.4790057934018224,0.01894651209204435,0.003658898609814885,-0.4284940371684365,-0.06854811669942423,-0.08000901461127768,-0.036666935624543255
0.10839381,0.25801005624629253,0.24268270591346253,0.1962551634989841,-0.38865895983351667,-0.07643080309584474,-0.08653124188203468,-0.03693311084734301
0.15670587,-0.04760414266391185,0.38186254086609783,0.3781913788844932,-0.34128343487043306,-0.08422506938544083,-0.0930357367535166,-0.03719966607728869
0.30696797,-0.11694356240620653,0.40520129744692174,0.5353857832933643,-0.28776695785888,-0.09192065731588063,-0.09952133715751252,-0.03746659600180626
0.25126386,-0.21967705153033343,0.28862601025533663,0.6550520106225153,-0.2295090243785533,-0.09950730863483248,-0.10598688102581098,-0.03773389530832174
0.3084339,-0.034529163807808454,0.03882743425851964,0.7294522896228626,-0.16790913000914748,-0.10697476508996473,-0.11243120629020055,-0.03800155868426099
0.32183838,0.1305872413735866,-0.1845588888276545,0.751612297912891,-0.1043667703303574,-0.11431276842894533,-0.11885315088247023,-0.038269580817050175
0.11541279,-0.05228719683124073,-0.2211427292044155,0.7142715237885272,-0.040128238224905,-0.12151106039944214,-0.12525155273440855,-0.03853795639411525
0.17166011,-0.0763710240634341,-0.09120559219238844,0.6140758945648164,0.024152144320816426,-0.12855938274912374,-0.13162524977780443,-0.038806680102882074
0.35946834,0.05829235701190264,0.06018725424998989,0.46559513408786957,0.08788989845111941,-0.1354474772256585,-0.1379730799444462,-0.039075746630776835
0.18013582,-0.04272883587426089,0.10996758832970092,0.2882214795338741,0.15047970541874825,-0.14216508557671403,-0.14429388116612304,-0.03934515066522539
0.019827645,-0.03575162515169643,0.0820413534359352,0.10112499805754958,0.21131624647644742,-0.14870194954995883,-0.15058649137462335,-0.03961488689365359
-0.114962526,0.02773136103649986,0.0212562956030339,-0.08196187611821107,0.26979420287696204,-0.15504781089306094,-0.156849748501736,-0.03988495000348779
-0.34593925,-0.028933869362455327,-0.02914146711125231,-0.2487419328842369,0.32530825587303674,-0.16119241135368895,-0.1630824904792496,-0.040155334682153675
-0.48003995,-0.03706241297352449,-0.05647757807699368,-0.38691796213135715,0.3772530867174162,-0.16712549267951052,-0.169283555238953,-0.04042603561707743
-0.43061087,0.06349849387926543,-0.045209122696927624,-0.4849379930186691,0.42502337666284495,-0.17283679661819407,-0.17545178071263473,-0.0406970474956849
-0.4551244,-0.006991669202466596,0.020972652972671316,-0.5362487559773791,0.468013806962068,-0.17831606491740784,-0.18158600483208356,-0.04096836500540213
-0.50587887,-0.14790621188445316,0.09199956820729722,-0.5432172885615751,0.5057231499262944,-0.1835530393248197,-0.18768506552908842,-0.04123998283365523
-0.43726104,-0.14982906114655306,0.10894337379560816,-0.5107153757737752,0.5381371811161261,-0.18853746158809803,-0.19374780073543799,-0.04151189566786999
-0.30087888,-0.050818464827908166,0.06333957189433732,-0.44421209024589364,0.5656283232127686,-0.19325907345491097,-0.19977304838292065,-0.04178409819547245
-0.0047684745,0.2371096367800429,-0.034848397932291546,-0.3501455030805731,0.588639637912963,-0.19770761667292722,-0.20575964640332536,-0.0420565851038887
-0.39121658,-0.147405413866488,-0.1588795070637319,-0.23663722918442967,0.6076141869134489,-0.20187283298981396,-0.21170643272844067,-0.042329351080544704
-0.4351895,-0.25821517097307806,-0.21833319444435922,-0.11567706623736816,0.6229950319109676,-0.20574446415324008,-0.2176122452900558,-0.042602390812866285
0.23158917,0.2066729681591002,-0.13892833215484615,0.0042831723125991514,0.6352252346022588,-0.20931225191087324,-0.2234759220199589,-0.04287569898827983
0.52878284,0.2281474186427598,0.024753646028986376,0.11614542779872218,0.6447482175474724,-0.21256629887379108,-0.2292963008499388,-0.04314927029421092
0.75185573,0.18945774250590858,0.19152914799748608,0.2128534629727882,0.6520103608724905,-0.21549966521880304,-0.2350722197117845,-0.04342309941808587
0.858131,0.10354277263582495,0.31238425078172927,0.28735104058658467,0.6574644620149998,-0.21811182843452406,-0.24080251653728427,-0.04369718104733026
0.71273863,-0.12596291841661778,0.3554161117491977,0.33258192339189896,0.6615648325247858,-0.22040378012166706,-0.2464860292582272,-0.043971509869370394
0.7559815,-0.06298489927603332,0.32949063544856233,0.34345416813481616,0.6647657839516342,-0.22237651188094507,-0.2521215958064021,-0.04424608057163218
0.7436719,-0.009941071875673271,0.28961829375993997,0.3228465509530504,0.6674080844308937,-0.22403101531307174,-0.2577080541135972,-0.04452088784154171
0.672393,-0.006354608812903641,0.26672141523326404,0.27605631563635996,0.669378328440167,-0.22536828201876066,-0.2632442421116017,-0.044795926366524894
0.63841945,0.07283608266019141,0.2268290430731864,0.20849424938893962,0.670449585910452,-0.22638932246655802,-0.26872899773220377,-0.04507119083400782
0.3569204,-0.08330180730009636,0.19085912307598296,0.12557113941498463,0.6703959458941994,-0.22709616624646167,-0.27416115890719284,-0.04534667593141602
0.34340328,0.02811068832015487,0.16625610418029868,0.03269777291869032,0.6689952909121674,-0.22749463641677806,-0.2795395635683572,-0.04562237634617601
0.23878747,0.10421928995743061,0.09160963190221634,-0.0647150628957486,0.6660264471352305,-0.22759149968592984,-0.28486304964748527,-0.04589828676571375
-0.23641197,-0.10351972005442897,-0.06920553013953724,-0.1612565808241366,0.6612682407342657,-0.2273935311532094,-0.29013044668549853,-0.04617440187745495
-0.48979363,-0.08772767743521671,-0.23635065027260158,-0.251515993662279,0.6544994978801488,-0.22690754772706334,-0.29534054241416235,-0.046450716368825834
-0.5051293,0.09537012133883145,-0.34255623606817326,-0.33008251420598045,0.6454990447437552,-0.22614040245404898,-0.30049208842713165,-0.04672722492725228
-0.75008,-0.008678132265869255,-0.4062155130401,-0.39154535525104617,0.6340457074959613,-0.2250989356341175,-0.3055838490646682,-0.0470039222401602
-0.8190211,0.03738099156314125,-0.46414129504827445,-0.4304937295932807,0.6199183123076429,-0.223789982130374,-0.31061459410387926,-0.04728080299497581
-0.8716299,0.035485001836694965,-0.48313240515096123,-0.441516850028489,0.6028956853496761,-0.22222037675558606,-0.3155830933722097,-0.04755786187912505
-0.8180276,0.0577168173477199,-0.44924728991776997,-0.4206236219528261,0.5828466591225353,-0.2203969543225201,-0.3204881166971053,-0.04783509358003371
-0.8139883,-0.06307270717540414,-0.34957368312204706,-0.3695815253061516,0.5600070919386861,-0.2183265496439434,-0.32532843390601185,-0.04811249278512801
-0.748585,-0.20602996143927507,-0.19088007323655865,-0.29189694919789716,0.5347308504145621,-0.21601599753262274,-0.3301028148263747,-0.04839005418183383
-0.49969512,-0.23831615593521993,0.019348255699370452,-0.191156086879799,0.5073788016601907,-0.2134721328013256,-0.33481002928563947,-0.04866777245757712
-0.24878529,-0.30858645636872983,0.25153076486057946,-0.07094513160359356,0.4783118127855975,-0.2107017902628181,-0.33944884711125156,-0.048945642299783876
0.24656081,-0.07725306307478307,0.4117269000513953,0.06514972337898244,0.4478907509008101,-0.2077118047298681,-0.3440180381306563,-0.049223658395880374
0.77375525,0.33985809097513264,0.40630814431439755,0.2136397302144485,0.4164764831158554,-0.20450901101524194,-0.34851637217129994,-0.04950181543329191
0.020375695,-0.32346698230661647,0.19381760312768562,0.36941816872995115,0.3844298765407588,-0.2011002439317062,-0.3529426190606274,-0.04978010809944543
-0.05795925,-0.25998360820078126,-0.0646857705861842,0.5194447485012967,0.3521117982855482,-0.1974923382920289,-0.3572955486260843,-0.050058531081766236
0.13828138,0.029003811204407096,-0.25367383318477676,0.6486714251918928,0.3198831154602502,-0.1936921289089766,-0.3615739306951163,-0.05033707906768067
0.30249554,0.19769097834539892,-0.3194243149770448,0.7422229138918536,0.2881046951748913,-0.1897064505953155,-0.36577653509516916,-0.05061574674461431
0.2916614,0.09461542125846517,-0.24100822785480047,0.7872556006743323,0.2571374045394983,-0.18554213816381346,-0.3699021316536882,-0.05089452879999365
0.26305938,-0.03832945845240809,-0.09608549980911796,0.7765339464870263,0.22726932832110008,-0.18120596611858364,-0.3739495505067723,-0.05117341992124434
0.28436208,-0.049300744736581345,0.0367859734460645,0.7044541749258338,0.19849742191473596,-0.17670443394307953,-0.377917896811181,-0.05145241479579245
0.1641406,-0.14734612059258934,0.1780193527085938,0.5683033344670406,0.17074585837244635,-0.17204384566792194,-0.3818064711765055,-0.05173150811106396
0.10943682,-0.04687898364721303,0.24059212325500584,0.3766406437364884,0.1439388107462728,-0.1672304715376855,-0.3856146079983835,-0.052010694554484864
0.04829918,0.22048640305820671,0.17122757587141166,0.14248694126500516,0.11800045208825606,-0.1622705817969473,-0.38934164167245094,-0.05228996881348136
-0.80514914,-0.14710204365230703,-0.03361274799182514,-0.11456262494619947,0.09285495545043905,-0.1571704466902831,-0.3929869065943451,-0.05256932557547919
-1.3451762,-0.2175988498017318,-0.2213996814049375,-0.37326932952831676,0.06842649388485994,-0.15193633646226706,-0.3965497371597026,-0.052848759527904327
-1.6820531,-0.286263881976424,-0.22830175687477766,-0.6123944471125411,0.04463924044356187,-0.14657452135747626,-0.40002946776416,-0.05312826535818286
-1.1416886,0.27370578797685885,-0.029137548633567056,-0.8097496653442955,0.021417368178584927,-0.14109127162048588,-0.4034254328033545,-0.053407837753740896
-1.3329576,0.020034864884214455,0.18435995542829217,-0.9401201748836787,-0.0013149498580287977,-0.135492857495872,-0.40673696667292275,-0.05368747140200444
-1.4437767,-0.11087467659952004,0.26487661443684096,-0.9804289832359723,-0.02363354061423838,-0.12978554922821012,-0.40996340376850127,-0.05396716099039886
-1.4763051,-0.06217035364622629,0.13857300148821797,-0.9156171006505167,-0.04576405043732091,-0.12397561706207598,-0.413104078485727,-0.054246901206350985
-1.4388893,0.08147837569578278,-0.10347178470245359,-0.7596101445219368,-0.06853140327182398,-0.11806933124204483,-0.41615832522023716,-0.05452668673728641
-1.4496837,0.057278901631805997,-0.29365673037137646,-0.534390576147825,-0.09291034246161216,-0.11207296201269287,-0.4191254783676683,-0.05480651227063134
-1.2769936,0.04967676586631931,-0.3585271047873524,-0.2651836252923514,-0.11987561135055178,-0.10599277961859546,-0.4220048723236569,-0.05508637249381134
-1.0649978,-0.12556550919708045,-0.23056441019093837,0.02153123055294765,-0.15040195328250688,-0.09983505430432928,-0.4247958414838401,-0.05536626209425263
-0.24655989,0.15095438672621173,0.0671994957391826,0.2975002914536551,-0.1854641116013452,-0.0936060563144683,-0.42749772024385446,-0.055646175759381314
0.018159848,-0.06870678923327173,0.3522251720891206,0.5340263018646308,-0.22603682965092933,-0.0873120558935903,-0.4301098429993367,-0.05592610817662347
0.10514173,-0.18721063720283368,0.4328321332028202,0.7024120062407381,-0.2730948507751261,-0.08095932328626959,-0.4326315441459243,-0.05620605403340466
0.24981207,0.18440522220737757,0.1772057393778947,0.7819163215660145,-0.32761291831779993,-0.07455412873708277,-0.43506215807925286,-0.0564860080171514
-0.5806901,-0.16776471163708617,-0.2437127411804539,0.7833752398434625,-0.3903181605250691,-0.06810274249060376,-0.4374010191949603,-0.05676596481528912
-0.5695469,0.14555314059565633,-0.42043844476253134,0.7243804038810024,-0.4607371839187897,-0.061611434791410534,-0.43964746188868287,-0.05704591911524423
-0.7803002,-0.040182989125797944,-0.26932889552268596,0.6207335812830987,-0.5373087345900371,-0.05508647588407763,-0.44180082055605735,-0.05732586560444262
-0.80077106,-0.10882243037254051,-0.010854119123324506,0.4871673513687013,-0.6182614972966244,-0.0485341360131808,-0.4438604295927209,-0.05760579897031029
-0.8075325,-0.09880365606394108,0.19627287456132367,0.34249446101686093,-0.7018241567963651,-0.04196068542329609,-0.4458256233943092,-0.05788571390027313
-0.8503831,-0.009786387901618327,0.291440017184728,0.19542240436118094,-0.7862253978470737,-0.0353723943589989,-0.4476957363564607,-0.05816560508175715
-0.9313187,0.16116966065656746,0.26143006898949483,0.05246657870236631,-0.8696939052065641,-0.028775533064865078,-0.4494701028748109,-0.058445467202188656
-1.4343816,0.0004501349429789016,0.12424817387569238,-0.07657182110656124,-0.9504583636326494,-0.02217637178547003,-0.4511480573449975,-0.05872529494899312
-1.9394178,-0.18024642912851144,-0.024038564226199717,-0.18107015082450198,-1.0267474578831433,-0.015581180765390121,-0.45272893416265636,-0.05900508300959686
-1.9747126,-0.009377112233418921,-0.09564672479631549,-0.2504057662103523,-1.0967898727158616,-0.008996230249200555,-0.454212067723425,-0.059284826071426086
-1.8864076,0.1573741256840827,-0.09187084188365939,-0.27550748918548496,-1.1588142928886151,-0.002427790481476958,-0.45559679242294,-0.05956451882190637
-2.0489733,-0.02642953772922257,-0.042960023984528854,-0.2557168225776445,-1.211258185396507,0.004117868293204519,-0.45688244265683814,-0.05984415594846351
-2.0398855,-0.08836387735996612,0.010184133075854392,-0.20063356146555353,-1.2535145851213234,0.01063447583026899,-0.45806835282075653,-0.060123732138524136
-1.859026,0.02198514686361412,0.02867981700767014,-0.12158256143428497,-1.2856670649322939,0.01711576188513893,-0.45915385731033076,-0.06040324207951361
-1.8383051,0.01784163041721376,-0.01752679560613294,-0.0334347834080718,-1.3079196366361923,0.023555456213240407,-0.4601382905211987,-0.060682680458858135
-1.8585985,-0.01661278949642061,-0.06271631594224439,0.03324265772143852,-1.320476312039789,0.029947288569997472,-0.46102098684899745,-0.06096204196398435
-1.7486632,0.005290891426624722,0.006224545318585857,0.05012007946549184,-1.323541007807985,0.036284893568963056,-0.46180128068936294,-0.061241321282317414
-1.708211,-0.0776138530351986,0.14022424839384762,0.028654924066678786,-1.3180382137928073,0.04256091390669546,-0.4624785064379324,-0.06152051310128332
-1.9117265,-0.1949310926204729,0.07288983297069636,-0.00582294176857222,-1.3077761397228354,0.04876545173983532,-0.46305199849034234,-0.061799612108308914
-1.7224241,0.2909205212800253,-0.22193599931321809,-0.023416031075797202,-1.2972808845334725,0.054887997875511386,-0.4635210912422297,-0.062078612990819355
-2.2239194,-0.3581612691846438,-0.10686806286432632,-0.003513360619429369,-1.290052120926982,0.0609180431208538,-0.46388511908923136,-0.06235751043624085
-1.0806165,0.3681756197947973,0.2631254159354079,0.033546886435692924,-1.2855297848899054,0.06684507828299116,-0.4641434164269843,-0.0626362991319996
-1.9712185,-0.31567399186655204,0.01921024187465545,0.06193659160629466,-1.2821396443668038,0.07265859416905195,-0.46429531765112486,-0.0629149737655214
-1.6673334,0.2305840557079008,-0.24523838079825244,0.07471139801028616,-1.2782048683245784,0.07834808158616578,-0.4643401571572896,-0.06319352902423246
-1.7822044,-0.14662742576436721,0.01007501647737438,0.06966308424580588,-1.2714688773636003,0.08390303134146236,-0.4642772693411166,-0.06347195959555836
-1.5816767,-0.11875557642938415,0.1884366793175867,0.04609584189542798,-1.2589103302605336,0.08931293424206922,-0.4641059885982411,-0.0637502601669251
-1.640897,-0.06404250780720308,0.08888631997925339,0.004945502729056249,-1.2373995212461633,0.09456728109511668,-0.46382564932430076,-0.06402842542575889
-1.6958158,0.06043717257054834,-0.07619049739384905,-0.04815401038123492,-1.2038219915287793,0.09965556270773353,-0.46343558591493234,-0.06430645005948613
-1.6839647,0.11987352399869457,-0.11942468651556352,-0.10639806353220427,-1.1550632823166715,0.1045672698870489,-0.4629351327657721,-0.06458432875553201
-1.7022862,-0.041929517978615445,0.005925945029603647,-0.16014381403996858,-1.0882450259774308,0.1092918934401924,-0.4623236242724578,-0.06486205620132333
-1.6979802,-0.2292976669984725,0.1340673683530293,-0.18839558409806914,-1.0014332195158688,0.11381892417429182,-0.461600394830625,-0.06513962708428551
-1.1754196,0.19961838266659318,0.10058035007084747,-0.17380145064730348,-0.8937729200588583,0.11813785289647748,-0.46076477883591155,-0.0654170360918445
-1.0419489,0.3253147816956253,-0.07127305818973247,-0.12493734474009764,-0.767781060584292,0.12223817041387758,-0.4598161106839538,-0.06569427791142697
-1.6798311,-0.34484418828904073,-0.2526925032541383,-0.05686116095677916,-0.6268175430328177,0.12610936753362226,-0.4587537247703883,-0.06597134723045783
-1.304644,-0.2485033761642043,-0.20382144969465416,0.01600735436831786,-0.4742422693450824,0.1297409350628396,-0.45757695549085253,-0.06624823873636417
-0.6783097,-0.08470507489784276,0.027697189023621248,0.08180104788485171,-0.31341514146173555,0.13312236380865905,-0.4562851372409827,-0.0665249471165711
0.2004052,0.30577285090967304,0.29847342282198935,0.12929091448847355,-0.14769606132342536,0.13624314457821007,-0.45487760441641556,-0.06680146705850504
0.0767079,-0.17370161178402482,0.4649452100637464,0.14724794907483674,0.019555069129201016,0.13909276817862073,-0.4533536914127879,-0.06707779324959212
0.06153256,-0.2796390996512417,0.4046674162014809,0.1288039283393681,0.18510624269636636,0.14166072541702163,-0.45171273262573713,-0.06735392037725811
0.081357494,-0.050363119991527136,0.0746408687773465,0.08448818103096022,0.3462389626625081,0.1439365071005407,-0.44995406245089936,-0.06762984312892904
0.03961058,0.18429554231356096,-0.3039908651255319,0.028977508805867674,0.5004013614457384,0.1459096040363075,-0.4480770152839119,-0.06790555619203081
0.01642334,0.3233391092995193,-0.5621699377161814,-0.023220895064863457,0.6451675362244753,0.14756950703145114,-0.4460809255204113,-0.06818105425398963
-0.004028741,0.243426058360814,-0.6044399830275543,-0.05764165615512621,0.7781425924870317,0.14890570689310018,-0.443965127556034,-0.06845633200223121
-0.30680504,-0.3797370231820449,-0.40011452745551385,-0.06363807413552959,0.897237230255303,0.1499076944283846,-0.44172895578641747,-0.0687313841241817
0.33231694,-0.29473367966263014,0.028955068485025784,-0.04592780378340677,1.0018363444310434,0.1505649604444327,-0.43937174460719775,-0.06900620530726724
1.5232105,0.35398174949861716,0.4459088807889723,-0.014011198814733047,1.092637691431695,0.15086699574837414,-0.4368928284140122,-0.06928079023891355
1.8185298,0.40855814319185285,0.5700646261406386,0.022359570308990367,1.170590844420225,0.15080331881730302,-0.434291569272463,-0.06955513360654719
0.78463805,-0.3882732923637197,0.23371399080704244,0.05358508621450813,1.2366453765596,0.15036357561141547,-0.43156745673125363,-0.06982923009759272
0.9497047,0.18894646006820046,-0.25238392231487466,0.07068559162981033,1.2917422132645215,0.1495375804309752,-0.4287201486791551,-0.07010307439947779
0.8944415,0.33549768526924106,-0.4949017309617437,0.06506489180652923,1.3365914705142947,0.14831545820806352,-0.42574961363675723,-0.07037666119962788
0.90386957,0.21320611625188526,-0.3659756858854347,0.03215016617824896,1.3711074448906555,0.14668740733190663,-0.4226558935817934,-0.07064998518546856
1.0216322,0.06641405636726307,-0.07454665731399486,-0.01962190522548714,1.3951051515169115,0.14464362619173035,-0.41943903049199727,-0.07092304104442575
1.007727,-0.19236666639619945,0.21540172510284603,-0.07900930372614799,1.4088218216517692,0.14217431317676082,-0.4160990663451024,-0.07119582346392606
1.0179262,-0.2987606667365274,0.38379689440181175,-0.1348761391490543,1.412600815057784,0.13926966667622334,-0.41263604311884217,-0.07146832713139517
1.2243265,-0.016436500960120694,0.356230844301118,-0.17738267039264483,1.406780398797895,0.13592520868340324,-0.4090502336953917,-0.07174054673425888
1.291316,0.27452447500858573,0.17218436442948581,-0.20187375264782778,1.3916784691365682,0.13215779031762145,-0.4053428692844898,-0.07201247695994362
1.0723947,0.34030962630335243,-0.08472242756943917,-0.20492341144730994,1.3675408509073306,0.12798972514147272,-0.4015155508395313,-0.07228411249587535
0.24112968,-0.2939558009790862,-0.26974021501498907,-0.18281808179019057,1.334325778410105,0.1234433614273524,-0.3975699140237119,-0.07255544802947954
0.21947165,-0.3224371127531075,-0.26910321319097485,-0.13311463347980704,1.291919634724643,0.11854104744765745,-0.39350759450022854,-0.07282647824818267
0.97933406,0.28368187981262655,-0.1357997820307207,-0.059910190585099644,1.2404844471000982,0.11330513147478449,-0.38933022793227823,-0.07309719783941078
0.65566975,-0.14272638671559573,-0.058910989183801936,0.027700142861859418,1.1802560727300542,0.10775796178113102,-0.38503944998305795,-0.0733676014905891
0.65862703,-0.17299558582831992,-0.047220856244380945,0.11972579683042017,1.1114703688080967,0.10192188663909232,-0.380636896315764,-0.07363768388914421
0.9919409,0.12746770772044078,-0.02185381354315652,0.20617620128993505,1.034363192527811,0.09581925432106529,-0.376124202593593,-0.07390743972250256
0.86530656,-0.10078830958924204,0.09607113735509012,0.2770364542241199,0.9491947330684165,0.08947241309944706,-0.37150300447974227,-0.07417686367808927
0.8790109,-0.08621559193442917,0.1448494223169505,0.32237173889989984,0.856322507551684,0.08290371124663393,-0.36677493763740804,-0.0744459504433309
0.89514816,0.06896410347492299,0.09589657992643649,0.33466008291809224,0.7561482290809662,0.07613549703502208,-0.3619416377297869,-0.07471469470565321
0.69434553,0.12066328267893787,-0.026140127358043587,0.3132727795629495,0.649347307951706,0.06919011873700866,-0.3570047404200764,-0.07498309115248221
0.16927193,-0.13125100494694222,-0.13027363782584184,0.2585316807019937,0.5373919832885166,0.06208992462499012,-0.35196588137147256,-0.07525113447124374
0.053177644,-0.11009260396550385,-0.0640253639074146,0.1728351290737753,0.42194873542431655,0.05485726297136323,-0.3468266962471725,-0.07551881934936412
0.22190997,0.1313723522818854,0.08668934415367202,0.06902470800853461,0.30468404469202587,0.047514482048523966,-0.3415888207103727,-0.07578614047426913
-0.19239497,-0.12317456155965921,0.14940073698396958,-0.03366248402008811,0.18726439142456305,0.04008393012886969,-0.33625389042427023,-0.07605309253338477
-0.29735976,0.11267195605089249,0.01435099691496753,-0.12118371313930527,0.07135625595484697,0.0325879554847969,-0.3308235410520615,-0.07631967021413709
-0.8462805,-0.10180574510085603,-0.14029654096588207,-0.18596796247686553,-0.04137388138420247,0.025048906388701574,-0.32529940825694337,-0.07658586820395209
-0.83067274,0.09302487625251371,-0.17365937031114712,-0.2217330279023124,-0.1492595402596665,0.017489131112980755,-0.31968312770211266,-0.07685168119025579
-1.1385372,-0.09142392723018432,-0.1924066263061116,-0.22288520424081804,-0.2506589812416766,0.009930977930030678,-0.31397633505076605,-0.07711710386047406
-0.9933771,0.10230953614581864,-0.17913362297812951,-0.1890778109924844,-0.34430920041932045,0.002396795112248647,-0.30818066596610016,-0.07738213090203279
-1.0145197,-0.02000872148634211,-0.04864083547867442,-0.13074353844160627,-0.43009102241173747,-0.0050910690679692025,-0.3022977561113118,-0.07764675700235853
-1.000724,-0.1521755582485485,0.1076502177304461,-0.061283131400377326,-0.5081650437448193,-0.012510266338226416,-0.296329241149598,-0.07791097684887661
-0.95395476,-0.19487143226126766,0.20211461460488195,0.005783908900137963,-0.5786918609444578,-0.01983844842612601,-0.2902767567441552,-0.07817478512901328
-0.8779647,-0.09834375941760315,0.19448071046840154,0.05736380163339212,-0.6418320705365438,-0.027053267059271854,-0.28414193855818015,-0.07843817653019462
-0.65275013,0.2561138016577239,0.0952216541898993,0.08442062515932905,-0.6977462690469691,-0.03413237396526675,-0.27792642225486985,-0.07870114573984653
-1.3737428,-0.2686388347503285,-0.05462404894960965,0.08780529829175814,-0.74663626277729,-0.04105342087171445,-0.27163184349742053,-0.07896368744539511
-1.4765537,-0.2176620262821258,-0.14863183931220775,0.07097960806065459,-0.7889597486768072,-0.047794059506218345,-0.2652598379490295,-0.07922579633426605
-1.3494991,-0.0005865026414639234,-0.16851206519654768,0.03781075745197764,-0.8255798396508052,-0.05433194159638209,-0.2588120412728931,-0.07948746709388556
-1.2413876,0.14927080747518676,-0.13343560235200527,-0.007070830520636874,-0.8574684721888475,-0.060644716998634975,-0.2522900910033822,-0.07974869441168006
-1.2257013,0.17960313663590827,-0.07169799817416243,-0.0555226343050993,-0.8856686709372988,-0.06670993077254815,-0.24569572947172524,-0.08000947297507448
-1.3287325,0.07728855783832835,-0.007524907308866502,-0.09544929348940281,-0.9112412325817187,-0.07250473685786837,-0.23903109012897622,-0.08026979747149589
-1.4656837,-0.09280675483634729,0.06734555289161522,-0.11422511633170342,-0.935163123514664,-0.07800619188217861,-0.2322984037383524,-0.08052966258836966
-1.2773875,0.018824944976611583,0.15154522390867542,-0.10069288606376156,-0.9575844662722712,-0.08319135247306174,-0.22549990106307063,-0.08078906301312178
-1.2051466,0.03924853700875904,0.1658358646224515,-0.0457759664404362,-0.9767319536331468,-0.08803727525810061,-0.21863781286634837,-0.08104799343317845
-1.3406644,-0.04628120982567858,0.02946919461101464,0.05253617131062427,-0.990846720783714,-0.0925210168648784,-0.21171436991140233,-0.08130644853596568
-1.3115053,0.0811391747766204,-0.1794905684142292,0.1680583477123924,-0.9982963941834458,-0.09661963392097864,-0.20473180296144963,-0.08156442300890947
-1.4157447,-0.13482897292783136,-0.17236046540668784,0.2687177759994642,-0.9974458041311357,-0.10031297921466585,-0.19769234277970765,-0.08182191153943583
-1.0044662,0.008102267945943886,0.02318649880152787,0.3271628486566736,-0.9866468355041521,-0.10359385095562995,-0.19059822012939295,-0.0820789088149704
-0.5998696,0.23784626046209198,0.18174509908155143,0.3172221249491565,-0.964431122567109,-0.1064648866290282,-0.18345166577372313,-0.08233540952293976
-1.1431098,-0.1952318042593284,0.126766093167023,0.22340798544921367,-0.9302752710315094,-0.10893048449871463,-0.17625491047591493,-0.08259140835076936
-1.4542527,-0.26455291526478725,-0.012575301842864178,0.0703266304917106,-0.8845989855704453,-0.11099504282854337,-0.1690101849991853,-0.08284689998588529
-1.583426,-0.20961837319236812,-0.08087303745754049,-0.10743968181352884,-0.8280103484317287,-0.11266295988236819,-0.1617197201067516,-0.083101879115714
-1.3475524,0.12134070423393883,-0.08044020227690338,-0.2756547391803095,-0.7611174418631708,-0.11393863392404352,-0.15438574656183085,-0.08335634042768061
-1.3130575,0.17702423739296233,-0.05191547871430883,-0.408190673611794,-0.6845283481125843,-0.1148264574093295,-0.1470105009357335,-0.08361027860921241
-1.4391263,0.017723573458025225,-0.012479329535954844,-0.5067286635528001,-0.5988511494277793,-0.11533079956161309,-0.13959624303214413,-0.08386368834773392
-1.5458258,-0.1316025602187649,0.004127989862896223,-0.5819988440769736,-0.5046345589774585,-0.11545599845275015,-0.1321452638062773,-0.08411656433067176
-1.3643763,0.026140986521692413,-0.016527019247349943,-0.6475653060470714,-0.40218981361387324,-0.1152062907808533,-0.12465995558709204,-0.08436890124545236
-1.143958,0.15506823124774188,0.020069580488842095,-0.7109777128993352,-0.2917687811101658,-0.11458588790059719,-0.11714273604698427,-0.08462069377950131
-1.2723414,-0.17463778962170132,0.10937980030772641,-0.7250168178676853,-0.17399963217308756,-0.11359900116665764,-0.10959602285834984,-0.0848719366202448
-0.7952899,0.1704639977222581,0.021827129633159928,-0.6369647319048345,-0.05122159536818105,-0.11224984193370988,-0.10202223369358412,-0.08512262445510861
-1.0255988,-0.14027052434111095,-0.23349736469646196,-0.4345181645173718,0.0730264133079756,-0.11054262155642984,-0.09442378622508273,-0.08537275197151854
-0.4752261,0.020240823313369228,-0.26872988209865173,-0.1408297095775309,0.19499963173444781,-0.10848155138949163,-0.08680309812524195,-0.0856223138569008
0.12645629,-0.13686264905117457,0.035444660547052455,0.18802571536652998,0.3109532977903024,-0.10607084278757185,-0.07916258706645692,-0.08587130479868157
1.1071738,0.20698970275359496,0.27661827549181345,0.467362269710742,0.4171426493546051,-0.10331470710534554,-0.07150467072112339,-0.08611971948428676
0.86098826,-0.19910325611046503,0.17781152788701773,0.6228737389772926,0.5098229243064218,-0.10021735569748828,-0.06383176676163704,-0.08636755260114201
0.767661,-0.19954288550366855,-0.029060121923506314,0.6505463515161942,0.585261747526723,-0.0967829999186748,-0.0561462928603939,-0.0866147988366736
0.85158825,-0.017614904733572,-0.1272617217725655,0.5843124746776337,0.6404803725201816,-0.09301585112358085,-0.048450666689789285,-0.08686145287830761
0.899123,0.07602124180059577,-0.0972078613276825,0.46163865146940547,0.6754459040602524,-0.08892012066688193,-0.040747305922219125,-0.08710750941347006
0.7703324,-0.030664133305186223,-0.008135880874007934,0.32272593069551464,0.6912980947465983,-0.08450001990325341,-0.03303862823007892,-0.08735296312958662
0.7230752,0.030585816980472753,-0.003955429762085019,0.19983559398741746,0.6892941665215663,-0.07976008772752366,-0.025327051285764512,-0.08759780871408329
0.53071016,-0.07453356091077401,0.024757406761887667,0.08995686947196184,0.6706973401687825,-0.07471086187579987,-0.01761499276167153,-0.0878420408543865
0.60920507,0.13797279492624334,-0.004607274048157782,0.006422117302348572,0.6367899187346894,-0.06938196234700594,-0.009904870330195546,-0.08808565423792203
0.14560921,-0.19266434839471958,-0.057613576917945615,-0.03863631559714989,0.5888588939463949,-0.06380769782073188,-0.002199101663732443,-0.08832864355211556
0.44356143,0.08841150291296143,0.013963964031236254,-0.04601033122246057,0.528289779173902,-0.0580223769765679,0.005499895565322259,-0.0885710034843934
0.5947966,0.2181996129759822,0.08325369380189801,-0.035919711180766686,0.45694633793459966,-0.0520603084941043,0.013189703684572725,-0.08881272872218167
0.06424187,-0.18221009951516814,0.012543783538752552,-0.028995143626225007,0.377045039586854,-0.04595580105293079,0.020867905021623296,-0.08905381395290589
0.080775276,-0.00895495383069884,-0.07184792624078247,-0.028464981418415015,0.29054847278244805,-0.03974316333263762,0.028532081904078414,-0.0892942538639925
0.050457172,0.06157711869373615,-0.09099527362862567,-0.032617843189925624,0.19930410062095505,-0.03345670401281483,0.036179816659542285,-0.08953404314286734
-0.05537767,0.009540139939933261,-0.05802834906498723,-0.03889326893480717,0.1050990246942508,-0.027130731773052506,0.043808691615619164,-0.08977317647695632
-0.11242404,-0.007611241580649304,-0.01328501906602683,-0.04164442061708134,0.009511556010470318,-0.02079955529294077,0.05141628909991344,-0.0900116485536855
-0.076819815,0.049881610885868226,0.038093966048436234,-0.03306420738353949,-0.08598443867824386,-0.014497483252069678,0.059000191440029395,-0.09024945406048084
-0.23797177,-0.14540731691206918,0.12284175678457002,-0.0033229750262068207,-0.17989580379506773,-0.008258824330029257,0.06655798096357138,-0.09048658768476839
0.01376606,0.2565963162652644,-0.006187083333317598,0.05197904770388398,-0.26986852931359073,-0.002117887206409668,0.07408723999814372,-0.0907230441139741
-0.75431865,-0.3467078923327523,-0.1540275394941222,0.10476809753633157,-0.35286906798448286,0.0038910194391990724,0.08158555087135068,-0.09095881803552394
0.048115235,0.35983874620085615,-0.014227292608200964,0.11939775961054405,-0.42448415690435864,0.00973358692720688,0.08905049591079653,-0.09119390413684397
0.16403529,0.39263947706430286,0.1631847438543823,0.069710808035343,-0.4819266058707773,0.01537550657802363,0.09647965744408565,-0.09142829710536017
-0.77104867,-0.32118637108866727,0.09379829184207841,-0.05231310598841756,-0.5243385806473768,0.020782469712059284,0.10387061779882231,-0.09166199162849842
-1.0947343,-0.3140758712066579,-0.07731496332965901,-0.19735135707751258,-0.5512382529448203,0.025920167649723744,0.11122095930261094,-0.09189498239368472
-0.6948978,0.23274802957244392,-0.12081774921492756,-0.30183957778988335,-0.5621476786681933,0.030758175905849987,0.11852826428305564,-0.09212726408834535
-0.6883977,0.09535770324899796,0.014891061578082454,-0.3102025177566145,-0.5571598767322319,0.03528464599391117,0.12579011506776092,-0.09235883139990604
-0.6768306,-0.1242581161966386,0.10492418079780727,-0.19884003329340866,-0.5385748167818923,0.039503770505594255,0.13300409398433097,-0.09258967901579285
-0.3353684,0.08971945095413213,-0.03568018189870562,0.028994909080045147,-0.5091733411259445,0.043422781253534215,0.14016778336037017,-0.09281980162343162
-0.28456795,-0.07169975229976583,-0.1399860157132327,0.29755699003051883,-0.4717176536811203,0.0470489100503657,0.1472787655234827,-0.09304919391024852
0.2915576,0.07877860100648286,0.0026721990017290072,0.5276305974096134,-0.4289699583641526,0.05038938870872373,0.1543346228012731,-0.09327785056366945
0.5092774,-0.10478880313762796,0.21546399331795735,0.6610160486199765,-0.383692459091774,0.053451449041243014,0.16133293752134548,-0.0935057662711204
0.7833422,0.22671459811360253,0.10495240664148192,0.6594678095962794,-0.3385732935031988,0.056242322860558414,0.1682712920113043,-0.09373293572002764
-0.1376051,-0.2937401289400723,-0.23404284859210983,0.5457778303274058,-0.29555710977546557,0.058769241979304936,0.17514726859875368,-0.09395935359781682
-0.24547827,-0.1707718500611136,-0.3251140412641121,0.3563203404954084,-0.2547255923996841,0.06103943821011714,0.18195844961129812,-0.09418501459191383
-0.12574749,-0.02727882965849553,-0.16394828866456113,0.1238401824854915,-0.21571320151486173,0.0630601433656302,0.1887024173765418,-0.09440991338974511
0.19659433,0.2421949821780351,0.09616292704562447,-0.1291904807654852,-0.17815439726000576,0.06483858925847859,0.19537675422208922,-0.09463404467873639
-0.2089264,-0.1687398723565664,0.30167617023645904,-0.37368270513629726,-0.14168363977412352,0.06638200770129732,0.2019790424755445,-0.09485740314631368
-0.24824505,-0.1281658385688344,0.3849022577860601,-0.5801705915123335,-0.10593538919622249,0.06769763050672127,0.20850686446451192,-0.09507998347990285
-0.14675844,0.08290727974057543,0.38221136588063653,-0.7297816915929531,-0.07054410566530994,0.0687926894873853,0.21495780251659594,-0.09530178036693009
-0.4517758,-0.10039320739206052,0.305902444125894,-0.817621854333944,-0.03514424932039313,0.06967441645592409,0.22132943895940083,-0.09552278849482128
-0.44606352,0.16446212582901537,0.03363801863913165,-0.8469395846854905,0.0005495234228425342,0.07035004322497253,0.22761935612053077,-0.0957430025510022
-0.9024212,-0.0838998484578821,-0.24165721757881908,-0.8220711773019747,0.036517522626819565,0.07082680160716563,0.2338251363275904,-0.09596241722289976
-0.98788106,-0.1479019111643641,-0.3802415384772012,-0.7473357369003821,0.07272286841656457,0.07111192341513799,0.23994436190818366,-0.09618102719793871
-0.98575,-0.4069772907376933,-0.2802356434742714,-0.6284699267778534,0.1091444325019244,0.07121264046152467,0.24597461518991506,-0.09639882716354595
0.3190336,0.41979747821121366,0.0038588221567048015,-0.4768176382128657,0.14576108659274484,0.0711359340411962,0.25191372901815307,-0.09661581180714685
-0.18068789,-0.3754116215253206,0.08548025273455742,-0.305124569479232,0.18255170239887372,0.07088777824062936,0.2577605434466599,-0.09683197581616783
0.72999257,0.2916690189409766,0.10802408648216609,-0.12613641885076424,0.21949515163015712,0.07047387607918836,0.2635141695963107,-0.09704731387803472
0.5952994,-0.20047069578871995,0.2499868459095084,0.04740111539872548,0.2565703059964418,0.06989992543889997,0.26917372372531784,-0.09726182068017351
1.199886,0.12839137213217053,0.3285618002811558,0.2027423349954248,0.2937560372075744,0.06917162420179102,0.2747383220918936,-0.09747549091001026
1.2165644,0.012034121934077354,0.29315595543635137,0.32952967370700187,0.33103121697340165,0.06829467024988853,0.28020708095425,-0.09768831925497087
1.121133,-0.07154967242527131,0.1422005893300393,0.4271537884581241,0.3683747170037702,0.06727476146521927,0.28557911657059953,-0.09790030040248111
1.0747342,-0.010499319225942551,-0.07756784985084358,0.49817624817926176,0.40576540900852726,0.06611759572981045,0.29085354519915424,-0.09811142903996743
1.1144938,0.1064079561748108,-0.2429872918332538,0.545354316791965,0.4431821646975185,0.0648288709256883,0.296029483098127,-0.09832169985485581
1.1262914,0.04866810251598879,-0.24110741607513103,0.5721376338525137,0.48060385578059095,0.06341428493488012,0.3011060465257294,-0.09853110753457205
1.1196445,-0.17318363410072643,-0.07759522920981925,0.5832452568000563,0.5179558658974444,0.061879535639412675,0.30608235174017395,-0.09873964676654191
1.713039,0.1968403607060319,0.11092020911970106,0.5781378942390308,0.554900012252442,0.060230320921313064,0.31095751499967306,-0.09894731223819185
1.575472,-0.0029406481535687546,0.15754296146784888,0.5549746267368088,0.590846167360812,0.05847233866260783,0.31573065256243876,-0.09915409863694742
1.313605,-0.19784372269822456,0.09655540695865973,0.5120506827076868,0.6251904662501053,0.05661128674532378,0.3204008806866836,-0.09936000065023484
1.3343854,-0.054558291038089214,0.0034085493706875795,0.4480074253346225,0.6574725506161514,0.05465286305148826,0.3249673156306196,-0.09956501296548012
1.3901236,0.13757732426827796,-0.07855712342835791,0.36157275149275336,0.6872679388218483,0.05260276546312819,0.3294290736524591,-0.09976913027010945
1.0343897,-0.09407421315403813,-0.1214424097544003,0.2514745580572086,0.7141521492300937,0.050466691862269805,0.33378527101041444,-0.09997234725154819
1.0666206,-0.01489022328591954,-0.06251874638382587,0.12021816396954285,0.7377007002037871,0.04825034013094052,0.3380350239626979,-0.100174658597223
1.0836542,-0.005972509436617501,0.05924557310890162,-0.01486877170223908,0.7574891101058259,0.045959408151166836,0.3421774487675217,-0.10037605899455944
1.1133636,0.026976855637139075,0.15916414632143125,-0.1351050116147697,0.7730928972991089,0.04359959380497588,0.34621166168309814,-0.1005765431309835
0.9351526,-0.061358396641562736,0.1506044588809803,-0.2287183106340632,0.7840875801465333,0.04117659497439457,0.3501367789676394,-0.10077610569392163
0.8969485,0.12937341810555023,-0.022962330674551317,-0.29118454949200534,0.7900486770109985,0.03869610954144952,0.35395191687935784,-0.10097474137079938
0.54371786,-0.027684005126443822,-0.192780702902179,-0.31901672044237006,0.7905517332379312,0.036163808405639035,0.35765619167646573,-0.10117244484904309
0.20604783,-0.3207062355540808,-0.24327696605024904,-0.30865195831588615,0.7852174110413366,0.03358607007778215,0.36124871961717553,-0.10136921081607828
1.1447076,0.4603727476197966,-0.12443279769000551,-0.25921487655367365,0.7738464353716007,0.030972508251914267,0.3647286169596992,-0.10156503395933125
1.4256002,0.5036772774842504,0.05086237507859083,-0.17989263583993925,0.75628454011757,0.028333552163507372,0.3680949999622488,-0.10175990896622814
1.1251323,0.01527139739024442,0.16478723558447564,-0.08237657754968954,0.7323774591680942,0.025679631048032538,0.3713469848830373,-0.10195383052419445
0.74959815,-0.47888870808427564,0.20960026142041602,0.021557601451256618,0.7019709264120214,0.02302117414096155,0.3744836879802766,-0.1021467933206567
0.700323,-0.5926856632265542,0.2128041277956414,0.1197598155458091,0.6649106757381993,0.02036861067776637,0.37750422551217877,-0.10233879204304056
0.68681616,-0.6337727094044002,0.204171426753077,0.19976473936374384,0.6210424410354767,0.01773236555659423,0.3804077180742805,-0.10252982137877205
0.63003415,-0.6930683252309177,0.2078503626779002,0.24934613045496215,0.570309708175622,0.015122502910466492,0.3831936470272441,-0.10271987601527727
0.7367168,-0.5678382040240508,0.23634446644063192,0.25965170758773487,0.5130572000315293,0.01254763167810987,0.3858629489260268,-0.1029089506399821
0.87911665,-0.3653866255920402,0.2728637560637473,0.22658749925459556,0.44971613909017305,0.010015704344945565,0.38841721677889157,-0.10309703994031276
1.1798191,0.06510669287733804,0.28869324889466014,0.15039127751964326,0.38051930232155823,0.007534579151262486,0.390858137839233,-0.10328413860369515
1.4376061,0.5486738669552432,0.24419687813163324,0.04425878448379404,0.30564729804908836,0.005112110074480053,0.3931874036233159,-0.10347024131755483
0.89543045,0.33125723148029584,0.117850614934895,-0.07346564498146194,0.22528073459616685,0.002756151092018004,0.3954067056474046,-0.10365534276931836
-0.17891668,-0.3930965177328857,-0.03566245290928313,-0.18391078360667565,0.13960022028619737,0.00047455618129507504,0.39751773542776364,-0.10383943764641164
-0.021365292,0.05079315666027049,-0.14651808714953637,-0.2682015681174463,0.04878636344258404,-0.0017248206802693133,0.3995221844806578,-0.10402252063626036
-0.015110385,0.22005605940810416,-0.17384434564503998,-0.30772490353259935,-0.04698022761126989,-0.003834125515255634,0.4014217443223514,-0.1042045864262907
-0.075325266,0.1789797422172247,-0.11173262703448734,-0.2881738960872371,-0.14738545751443624,-0.005845504346244308,0.403218106469109,-0.10438562970392867
-0.10300233,0.07529330084021986,-0.008936305671563411,-0.2103742564975483,-0.2515812827558868,-0.007751103195816547,0.4049129624371955,-0.10456564515660027
-0.11795298,-0.04188655404995941,0.07605875823310551,-0.08600502095646119,-0.35834047141127595,-0.009543068086552402,0.40650800374287493,-0.10474462747173147
0.02086962,0.030506347189887734,0.09351278832524405,0.07043466501332489,-0.4654529860530877,-0.011213545041033139,0.40800492190241233,-0.10492257133674816
-0.07287159,-0.035724912537826496,0.004978195639358229,0.23678695786532497,-0.5704630878780133,-0.012754680081839175,0.40940540843207224,-0.10509947143907655
-0.063326314,0.0697487228442743,-0.11467893655611472,0.36124172464415927,-0.670915038082744,-0.014158619231551251,0.4107111548481188,-0.10527532246614237
-0.11879176,0.007796125539556884,-0.049749423561795764,0.3965976305428364,-0.764492317569293,-0.01541750851275005,0.4119238526668174,-0.1054501191053718
-0.23003738,-0.1561122030304669,0.14087142273458708,0.34367121622308056,-0.8493656593394252,-0.016523493948016416,0.41304519340443174,-0.10562385604419089
-0.007955889,0.16541522057510635,0.2416510793786389,0.21773270121308114,-0.9235665092140976,-0.017468721559930504,0.41407686857722686,-0.10579652797002524
-0.8441352,-0.15172249450645986,-0.045219078109908294,0.047055956149006074,-0.9850566862927304,-0.01824540238550187,0.41502063471589584,-0.10596812957030138
-1.0892467,0.12748457795846113,-0.3473804235502073,-0.12844669009045365,-1.031798009674747,-0.018846097224448768,0.4158785981138406,-0.10613865553244509
-1.3954065,-0.10749639211372787,-0.24520718997728624,-0.2720320170935085,-1.0617522984595693,-0.019263793841316185,0.41665329202929013,-0.10630810054388208
-1.0628296,0.01858649594908868,0.07137904638883,-0.37129308101908537,-1.072881371746619,-0.019491582227336962,0.4173473519471612,-0.10647645929203867
-0.7423307,0.09875828055957622,0.36041179572631116,-0.4301508621648557,-1.0631437876317809,-0.01952581650770466,0.4179634164827945,-0.10664372646434053
-0.69198114,0.03063471210614259,0.4708089109032047,-0.45476556958982456,-1.0309775261010792,-0.019375894821759977,0.4185041242515306,-0.10680989674821421
-0.8030703,-0.13297942148052572,0.4612935369432119,-0.4473000279009056,-0.9770270602870241,-0.019054500300555038,0.41897213785688375,-0.10697496483108528
-0.7528444,-0.13713787133315797,0.3960927504519903,-0.402067266187709,-0.903388891357971,-0.018574412506797616,0.4193702163340248,-0.10713892540037982
-0.3953959,0.1548950061042247,0.282021377951621,-0.314363807612086,-0.8123994110151649,-0.01794843690721935,0.4197011446221481,-0.10730177314352371
-0.7914595,-0.17470826692074046,-0.02169525723096256,-0.1839757908323999,-0.7063950109598506,-0.017189380589181243,0.4199677092810777,-0.10746350274794318
-0.4957419,0.19776861305865048,-0.3764001659090535,-0.025636801585854452,-0.5877120828932713,-0.016310067900795245,0.42017271413138785,-0.10762410890106387
-0.55545574,-0.21985282217628163,-0.3149741063227849,0.14084615350257046,-0.45868701851667226,-0.015323375108160734,0.42031901491164086,-0.10778358629031184
0.54552656,0.2317258988088935,0.04691168010687596,0.29031983133562017,-0.3216562095312977,-0.014242191171458292,0.4204094800544801,-0.10794192960311362
0.891628,0.13559443365404483,0.23942674487159069,0.3962944296979712,-0.17895604763839215,-0.013079405050866915,0.42044697799254704,-0.10809913352689476
0.6892273,-0.20506183940596823,0.19254951914098603,0.43433126610134537,-0.03292292453920047,-0.011847905706567189,0.42043437715848564,-0.10825519274908119
1.050137,0.16880568611169228,0.07259705256960748,0.3932653319977317,0.1140650673918687,-0.010560582098738955,0.42037454598493795,-0.10841010195709888
0.70112646,-0.11961088127899763,-0.02546138438186843,0.2842595186945092,0.25946303308774676,-0.009230323187563004,0.42027035290454745,-0.10856385583837437
0.65534425,-0.07800190629035013,-0.09442233238539585,0.12355598490819633,0.4006743044311444,-0.007870017933218126,0.4201246663499562,-0.10871644908033291
0.64158887,-0.07149181876347895,-0.05761610356146039,-0.06894505455912678,0.5350619237965447,-0.006492555295885062,0.4199403547538075,-0.10886787637040105
0.8174099,0.06763070193363929,0.04116133890184835,-0.25695233193385875,0.6599788611813755,-0.00511082423574381,0.4197202865487439,-0.10901813239600434
0.6774654,-0.0844251937562762,0.07552130583014457,-0.39297120326679696,0.772778086583064,-0.0037377137129744795,0.4194673301674081,-0.10916721184456911
0.8442464,0.11463368891859967,-0.011577044075949726,-0.4374340287982433,0.8711406520044285,-0.0023861126877574934,0.4191843540424435,-0.10931510940352114
0.6145512,-0.1572716079111265,-0.10042528694206436,-0.3903666755187118,0.9542712736459689,-0.0010689101202713226,0.4188742266064917,-0.10946181976028665
0.78068,-0.1859956226698147,-0.09683656976385498,-0.26816938570358306,1.022548094418045,0.00020100502930260692,0.4185398162921964,-0.1096073376022912
1.0763627,-0.20520986677530811,-0.006405170859143976,-0.09842593348870297,1.0765605934071316,0.001410743800784399,0.4181839915322004,-0.10975165761696144
1.8388679,0.21022518651154923,0.11259829127043759,0.08868390901688686,1.1168982496997086,0.0025474172339943163,0.41780962075914607,-0.10989477449172252
1.7063308,-0.16894488928749038,0.15718088507522368,0.26296323596958876,1.1441505423822507,0.003598136368752516,0.4174195724056762,-0.11003668291400118
1.8216249,-0.1749953103497805,0.12863443208443728,0.39768947814601935,1.1589069505412348,0.004550012244878415,0.4170167149044339,-0.1101773775712232
1.8894814,-0.14623411411334053,0.08068920660601685,0.4815921348047446,1.1617569532631395,0.005390155902192278,0.4166039166880619,-0.1103168531508148
1.9378121,-0.06902691279910057,0.027680415226399916,0.5140339477087444,1.153287962238173,0.00610774577678181,0.4161840461892025,-0.11045510434020112
1.9846457,0.07849086871270554,-0.03948481632942693,0.49961751974622515,1.1341540519670026,0.006700270391215321,0.4157599313390874,-0.11059212582680922
1.7691678,0.022545713227638955,-0.11404438790219332,0.44358574210320073,1.1053069591361406,0.007167739819035347,0.41533394591424155,-0.11072791229806385
1.4824792,-0.08269738131989701,-0.16525951446146883,0.3511065735701597,1.0677733528276245,0.007511373231423359,0.4149072545935504,-0.11086245844139203
1.5511823,0.12025778852481925,-0.13024747550251187,0.22737443194296017,1.0225799021234911,0.007732768228354707,0.4144806436271064,-0.11099575894421979
1.3879949,-0.016778852779366565,0.043972029169626656,0.07928783432312356,0.9707532761057827,0.007833984041832267,0.41405443763297384,-0.11112780849397227
1.0533727,-0.24152353080326827,0.15122383763736535,-0.07983519004563064,0.9133201438565342,0.007817713773854101,0.4136283273592217,-0.11125860177807653
1.2334486,0.2981378520133959,0.010349738701204234,-0.23584668576876605,0.8513071744577854,0.0076870950584120605,0.4132015590219263,-0.11138813348395772
0.23440324,-0.3359370520542419,-0.14643094501970483,-0.3776720459852473,0.7857410369915757,0.007445354536503273,0.4127732898301571,-0.11151639829904202
0.9023069,0.3520474088893082,0.020592741481287962,-0.49577665584189234,0.717648400539942,0.0070957207164015585,0.41234267512570816,-0.11164339091075544
0.16533181,-0.3517547495320877,0.14596195898035985,-0.5837125199834245,0.6480559341849236,0.00664142210637942,0.4119088702503736,-0.11176910600652429
0.20396972,-0.028527134350653335,-0.014570634787437465,-0.6365859973573521,0.5779903070085587,0.00608568721471147,0.41147103054594714,-0.11189353827377439
0.15775923,0.11751907665774983,-0.12004716363019467,-0.6526342446244037,0.508478188092887,0.005431744549669894,0.4110283113542231,-0.11201668239993158
