time,lrad,prec,pres,shum,srad,temp,wind
1979-01-31,212.10213,0.0027436288,89353.0,0.0011814359,102.17809,267.6231,1.7837714
1979-02-28,219.99702,0.33768138,89148.48,0.0014276672,143.6131,271.09842,1.7427235
1979-03-31,257.10617,0.41501522,89026.85,0.0024509628,161.78429,276.06995,2.155051
1979-04-30,289.95975,0.425014,89292.51,0.0035380723,211.1486,283.39224,2.9227362
1979-05-31,316.22714,0.20275165,89539.88,0.0045257504,259.0753,289.78055,2.7895994
1979-06-30,351.18057,1.7646836,89749.9,0.007678159,276.7153,295.40588,2.7903583
1979-07-31,381.93814,4.972122,89711.27,0.012883059,199.77556,294.30563,1.8199973
1979-08-31,375.5706,2.8064728,89710.25,0.012350302,200.90997,294.3081,1.9456692
1979-09-30,328.28406,0.8120217,89489.38,0.007596439,168.86877,288.39005,1.8985804
1979-10-31,274.99326,0.40581754,89352.41,0.004258648,164.19691,283.23874,1.6001048
1979-11-30,232.57642,0.1653394,89372.68,0.0022166562,110.84445,272.51453,2.2678804
1979-12-31,219.27821,0.11178097,89457.164,0.0018457667,85.747986,268.32816,0.936836
1980-01-31,194.80443,0.041616134,89353.0,0.0010170193,108.05243,264.02716,1.5800619
1980-02-29,209.37067,0.07241926,89146.04,0.0013145953,145.5395,267.59616,1.9432617
1980-03-31,255.82726,0.8530793,89019.125,0.0027280245,165.46706,275.83142,2.7219274
1980-04-30,281.3354,0.2805158,89282.47,0.003018195,228.67711,283.1069,3.1825473
1980-05-31,323.5007,1.0969492,89545.85,0.0050566024,241.6875,289.9518,3.0001585
1980-06-30,359.86942,2.2380118,89764.164,0.008475672,266.35205,295.7947,2.685375
1980-07-31,374.60556,1.3206649,89777.53,0.011013339,251.23051,296.14355,2.4497392
1980-08-31,365.03427,3.813898,89705.13,0.01134956,225.14851,294.1459,2.120734
1980-09-30,316.416,1.8336867,89482.49,0.0070122737,190.2757,288.22232,1.9181918
1980-10-31,287.14114,0.84033865,89344.88,0.0048456136,140.15793,282.82385,2.4167874
1980-11-30,244.71736,0.40584207,89360.27,0.0029770976,113.01667,275.82114,1.5779582
1980-12-31,200.42206,0.00032289568,89457.164,0.0012300865,97.61627,266.0295,2.2627337
1981-01-31,202.80377,0.044842135,89353.0,0.0010825273,101.09073,264.82205,1.7253629
1981-02-28,222.74553,0.015360969,89140.85,0.0012416522,126.63021,269.05362,2.4615033
1981-03-31,250.50603,0.58404046,89119.53,0.002241928,194.80646,278.4692,2.9297068
1981-04-30,294.64926,0.4871839,89344.914,0.0037250367,213.47362,284.66153,2.731558
1981-05-31,312.33603,0.22533073,89556.875,0.0037386268,265.666,290.23053,3.5184114
1981-06-30,362.27084,4.932349,89725.35,0.008897272,241.7729,294.7223,2.2255695
1981-07-31,391.27014,4.4914813,89799.51,0.0137970485,226.02419,296.73315,2.76604
1981-08-31,376.67673,1.88341,89738.77,0.011860692,205.25537,295.07925,2.3510563
1981-09-30,340.06668,0.9463602,89514.73,0.008450792,150.07292,289.0529,1.8461528
1981-10-31,271.7426,0.35533705,89273.02,0.0036949979,138.62433,279.73148,2.5610456
1981-11-30,236.36041,0.25251082,89357.336,0.002031645,100.00417,271.62683,1.8681363
1981-12-31,201.74866,0.0064539756,89457.164,0.0011122853,93.154564,265.34814,1.6223308
1982-01-31,204.09407,0.008711784,89353.0,0.0010368768,101.006714,265.4185,1.6776425
1982-02-28,236.67113,0.38376808,89141.695,0.0018690093,117.125755,270.9835,1.6932412
1982-03-31,262.6378,0.32420865,89071.805,0.0026628226,159.39853,277.29355,2.3964598
1982-04-30,283.75626,0.4556775,89340.836,0.0028633978,233.80554,284.58133,3.233814
1982-05-31,325.1216,1.0830692,89613.875,0.0047092964,262.73386,291.79312,3.6256907
1982-06-30,349.53543,1.0018481,89748.91,0.006648009,271.40903,295.3724,2.9485033
1982-07-31,373.69556,4.7638884,89779.38,0.010120708,236.6082,296.1998,2.4085941
1982-08-31,372.90994,2.2063165,89703.91,0.011498456,199.12836,294.1034,2.0217984
1982-09-30,327.02707,2.2026894,89477.34,0.008102931,169.36389,288.0842,1.6580862
1982-10-31,298.72647,0.42454258,89387.97,0.005317603,139.27888,284.85318,1.7477876
1982-11-30,240.61668,0.40251362,89359.25,0.0027503865,107.52987,273.74142,1.6483973
1982-12-31,207.21974,0.0,89457.164,0.0011681508,89.94019,266.06702,2.0127444
1983-01-31,199.75537,0.027260562,89353.0,0.0010656697,105.126335,264.8643,1.5005833
1983-02-28,212.76042,0.030720575,89139.99,0.0011909766,139.093,268.15515,2.2847054
1983-03-31,245.80981,0.42275682,89021.055,0.0023143662,180.17676,275.59158,2.6366909
1983-04-30,289.18958,0.6366814,89314.48,0.0034705698,215.61317,283.9114,3.2149305
1983-05-31,332.93616,1.8880781,89578.63,0.0065586106,240.36223,290.78726,2.2101316
1983-06-30,357.0889,1.7558517,89708.97,0.008719151,247.31459,294.2762,2.575553
1983-07-31,372.35953,1.3796973,89778.35,0.010508493,244.71504,296.16434,2.138137
1983-08-31,366.14856,0.8347042,89712.59,0.010497334,218.4597,294.3636,2.6732447
1983-09-30,339.17014,4.121189,89528.0,0.009184258,169.69513,289.40723,1.6466082
1983-10-31,306.7567,1.952931,89318.72,0.0066085085,113.8414,282.6584,1.3333145
1983-11-30,238.6757,0.32250473,89360.69,0.0028714836,114.89306,274.34317,1.373825
1983-12-31,205.80782,0.014839911,89457.164,0.0013687935,96.2547,266.80328,1.0977391
1984-01-31,189.88777,0.06661446,89353.0,0.0008208687,109.51816,263.0171,1.2786101
1984-02-29,218.31755,0.04172674,89139.336,0.0010861558,121.18391,266.3713,2.1753132
1984-03-31,236.30309,0.22903688,89010.43,0.0015320972,200.414,274.94138,2.5071156
1984-04-30,289.09793,0.39801657,89343.49,0.003532717,227.05971,284.6649,3.0262086
1984-05-31,329.78897,1.417275,89572.24,0.0063839364,242.58537,290.60983,2.7070456
1984-06-30,361.63403,2.5788481,89712.19,0.008888644,233.00209,294.34842,2.6548026
1984-07-31,378.93008,2.8453462,89753.98,0.011738031,223.45161,295.47867,2.7017443
1984-08-31,362.34412,2.6864731,89704.71,0.010495287,225.66266,294.15506,2.1387446
1984-09-30,329.2618,1.2525243,89480.09,0.007962645,172.14168,288.14682,1.972292
1984-10-31,273.62433,0.2509832,89318.836,0.0039141052,158.26546,281.90186,1.9472446
1984-11-30,249.9236,0.13901164,89361.086,0.0026086892,102.33472,275.0131,2.034414
1984-12-31,213.38374,0.31145996,89457.164,0.0014743902,74.30645,263.12454,1.6323198
1985-01-31,206.54634,0.03645497,89353.0,0.0012975085,96.09274,264.47684,1.3357983
1985-02-28,225.27007,0.08822141,89141.29,0.0015624351,124.81919,269.27155,2.1736403
1985-03-31,243.05714,0.09533569,88985.586,0.0017187021,180.70027,274.27512,2.8245184
1985-04-30,283.72916,0.3551768,89373.09,0.0028901838,242.05,285.4398,3.3191416
1985-05-31,340.65927,2.0187333,89576.75,0.0074294903,217.35213,290.7208,2.6572232
1985-06-30,361.8472,1.5610161,89741.73,0.008314501,241.66669,295.1683,2.3314805
1985-07-31,377.88712,1.5305079,89810.77,0.010315659,238.20564,297.06485,2.204642
1985-08-31,376.51944,3.9240558,89727.16,0.011780322,195.10078,294.7584,2.0591154
1985-09-30,337.11942,6.287192,89422.99,0.008412275,128.9493,286.65308,1.5157695
1985-10-31,300.30106,0.91115403,89317.79,0.0055346135,120.287636,282.38116,1.7631584
1985-11-30,229.91876,0.008173878,89358.414,0.002193217,118.361115,273.02744,2.4480193
1985-12-31,205.35417,0.015810074,89457.164,0.0011667074,90.758064,265.39175,1.7076315
1986-01-31,197.02888,0.0,89353.0,0.00095192244,112.25471,265.59183,1.5260886
1986-02-28,211.03871,0.16482843,89139.71,0.0011216879,136.1421,266.6932,2.0271938
1986-03-31,246.3844,0.3732425,89023.81,0.0022343227,186.08937,275.52072,2.2957876
1986-04-30,278.6382,0.2743421,89279.99,0.0026749836,225.68195,283.01443,2.5197415
1986-05-31,333.85553,1.1246911,89619.414,0.0059266402,239.2984,291.8693,2.1412714
1986-06-30,358.29794,4.1125197,89700.125,0.009385594,246.23889,294.0262,2.0583806
1986-07-31,368.3992,1.6900207,89767.37,0.010155725,250.51479,295.86798,2.015454
1986-08-31,358.7782,1.9405026,89676.26,0.010260556,222.08604,293.3843,1.6076425
1986-09-30,313.7403,0.68884784,89501.87,0.006338101,202.30139,288.75113,1.953186
1986-10-31,278.38306,0.7219526,89309.77,0.0041046427,144.74866,281.22116,2.0918412
1986-11-30,236.31874,0.16084315,89357.88,0.0020379561,103.83124,271.87537,1.9273862
1986-12-31,224.07391,0.20436315,89457.164,0.0017561832,76.48319,267.00284,1.4728899
1987-01-31,209.75072,0.07693752,89353.0,0.0013987181,99.67742,266.17642,1.4151369
1987-02-28,231.23213,0.13839914,89147.26,0.0017742802,132.8564,271.90814,2.0671818
1987-03-31,253.0457,0.25404236,89025.81,0.002047374,169.00336,275.71948,3.0189922
1987-04-30,291.4222,1.4031758,89390.27,0.0036289894,232.29652,285.86493,3.231742
1987-05-31,326.1492,0.2988855,89602.82,0.0051195784,254.7137,291.42807,2.9024808
1987-06-30,354.84933,3.1300192,89686.28,0.008972542,245.66249,293.66763,2.2753417
1987-07-31,368.63638,1.8408227,89823.37,0.010376167,284.67404,297.41333,2.1414058
1987-08-31,362.4375,2.6508296,89725.03,0.010650088,236.15996,294.69962,2.213734
1987-09-30,325.88754,0.78518456,89560.37,0.007332942,199.25,290.2906,2.4573193
1987-10-31,303.4543,2.3932486,89398.98,0.00548124,130.17674,284.12955,2.4067552
1987-11-30,247.37639,0.37551954,89358.34,0.003390467,104.975,274.09167,2.420275
1987-12-31,208.60014,0.0,89457.164,0.0014792961,95.861565,267.42688,2.0336208
1988-01-31,207.1122,0.028712364,89353.0,0.0010831564,99.40994,265.3592,2.2425296
1988-02-29,227.29524,0.12466062,89139.82,0.0013123885,114.87788,268.29977,1.956296
1988-03-31,260.36624,0.334372,88977.85,0.0025909683,136.90524,273.50058,2.229212
1988-04-30,285.56876,0.07784475,89303.586,0.0024675506,217.40346,283.64536,3.1008806
1988-05-31,334.64584,1.956474,89576.15,0.006644186,232.49463,290.70682,2.8415244
1988-06-30,359.3236,3.798014,89726.25,0.009336367,251.75208,294.74655,2.617925
1988-07-31,387.8441,6.96035,89737.0,0.014493925,201.52553,295.00864,2.284008
1988-08-31,374.504,3.6129258,89675.945,0.012731238,183.18683,293.34915,2.549105
1988-09-30,334.49167,0.75836056,89523.18,0.0082048755,176.6132,289.28928,1.6347805
1988-10-31,295.4476,0.34147176,89323.34,0.0046570967,123.96505,282.7043,1.7873679
1988-11-30,226.36182,0.0,89359.75,0.0017538421,122.98749,273.37796,1.8260473
1988-12-31,225.86829,0.11194167,89457.164,0.0015996401,76.2211,267.52127,1.7157874
1989-01-31,217.95363,0.3838836,89353.0,0.001774909,81.233864,264.18607,1.4729328
1989-02-28,236.19939,0.2973363,89140.15,0.0021465688,112.758934,269.61923,1.7793187
1989-03-31,249.36089,0.12194184,89008.555,0.0021184064,175.58601,275.3478,2.6625671
1989-04-30,293.12848,1.0296737,89369.164,0.0034410115,216.02846,285.27695,2.5844972
1989-05-31,320.38306,0.051619742,89611.43,0.00488974,274.3817,291.65665,2.7727125
1989-06-30,359.39517,2.685682,89696.29,0.0087299,229.62915,293.91977,2.3955472
1989-07-31,380.041,2.518407,89789.79,0.011190818,223.83669,296.47482,2.663008
1989-08-31,373.41666,0.94325644,89742.414,0.0109068,209.6109,295.17123,2.6397014
1989-09-30,329.38058,2.7636902,89542.44,0.007701168,187.41667,289.8074,2.314264
1989-10-31,283.20297,0.36566332,89329.76,0.0048600594,150.88979,282.6628,2.0635726
1989-11-30,244.67363,0.51718116,89359.02,0.0027942338,98.61944,273.09998,1.7174805
1989-12-31,228.23253,0.05065426,89457.164,0.0021237852,85.17204,270.09384,1.4259167
1990-01-31,205.12567,0.085164726,89353.0,0.0012644868,103.26211,265.88864,1.9434489
1990-02-28,247.32141,0.4278709,89140.62,0.0026032,100.09747,270.57346,2.2156756
1990-03-31,269.47983,1.8621159,89089.055,0.0035657154,155.41464,277.81583,2.4913304
1990-04-30,282.32846,1.5773488,89250.56,0.0037136974,216.83888,282.29538,3.3989143
1990-05-31,319.2056,0.9127535,89562.53,0.0051482394,259.35617,290.36688,3.154008
1990-06-30,351.509,0.7295201,89742.25,0.007600358,266.80484,295.1815,2.4625137
1990-07-31,384.21707,5.3040566,89799.195,0.0131172575,245.49931,296.72852,2.7647657
1990-08-31,371.2473,1.8105005,89725.41,0.011542172,214.9812,294.7098,2.0573308
1990-09-30,342.07568,1.6045231,89560.46,0.008959505,171.66736,290.2737,2.4519808
1990-10-31,300.72043,1.0677646,89336.21,0.0061181397,128.58603,283.21393,1.8603252
1990-11-30,254.88196,0.35101092,89363.68,0.003034792,100.17429,275.81015,2.2894585
1990-12-31,206.95564,0.014680676,89457.164,0.0012801993,98.17271,267.79776,1.87432
1991-01-31,215.34947,0.099042095,89353.0,0.0014582128,95.42809,267.29245,1.8299274
1991-02-28,228.12798,0.20786041,89141.27,0.0015578872,127.88245,270.22348,2.3084438
1991-03-31,270.7325,1.5072755,89055.27,0.0035441888,148.5363,277.04733,2.6487658
1991-04-30,291.45346,1.0951787,89327.1,0.004190428,220.07085,284.21347,3.2635698
1991-05-31,324.17,3.3242047,89524.086,0.006103691,230.26479,289.36038,2.9058466
1991-06-30,352.09933,1.4290152,89713.56,0.009195658,281.46042,294.39243,2.3769472
1991-07-31,377.97446,1.053244,89836.18,0.011006215,266.75333,297.7784,2.4104812
1991-08-31,372.97653,1.2930874,89791.23,0.010802501,236.4059,296.5313,2.1145456
1991-09-30,329.2014,1.6905237,89560.79,0.007855545,196.65137,290.2863,2.204175
1991-10-31,276.57993,1.3114675,89307.35,0.0044655944,148.65724,281.19006,2.2445405
1991-11-30,231.08888,0.098503105,89361.49,0.0020194617,116.36181,273.1067,1.9746917
1991-12-31,217.13307,0.18129854,89457.164,0.0017153714,84.67003,267.01517,1.7901531
1992-01-31,201.55847,0.018066408,89353.0,0.0012904251,102.21102,264.24576,1.3681585
1992-02-29,207.38867,0.0074160346,89153.01,0.0010933223,155.75647,268.88242,1.9663364
1992-03-31,269.5531,0.41356614,89047.57,0.0031002183,150.13844,276.69424,2.6177766
1992-04-30,289.96945,0.1168452,89376.77,0.0028905307,227.88332,285.51965,3.030864
1992-05-31,326.55106,0.69081926,89590.22,0.005879901,253.50606,291.0922,2.8544006
1992-06-30,354.93335,1.5421854,89702.21,0.008336862,248.11317,294.09274,2.8143027
1992-07-31,380.3972,2.4453416,89799.086,0.011019223,229.52419,296.74606,2.3293087
1992-08-31,376.7278,5.3985734,89681.69,0.012714953,177.39449,293.5018,2.304008
1992-09-30,335.92917,1.969184,89477.03,0.008618371,155.13403,288.06143,2.3115642
1992-10-31,277.7238,0.42872548,89283.02,0.004476337,140.6996,280.41208,2.0928254
1992-11-30,236.08195,0.3583407,89358.9,0.002500206,112.9889,273.53384,2.3310525
1992-12-31,220.1418,0.05322955,89457.164,0.0017745355,86.39382,268.57816,1.9091102
1993-01-31,190.91194,0.17468113,89353.0,0.0011250918,98.7594,259.9501,1.4824864
1993-02-28,230.39732,0.07589831,89146.28,0.0020094083,133.0387,271.30145,2.612027
1993-03-31,266.87027,0.26421258,89109.23,0.0029596724,167.70564,278.2204,2.3776476
1993-04-30,280.7667,0.07784017,89325.54,0.003092645,242.92708,284.2482,2.7914972
1993-05-31,320.7964,1.1180798,89520.44,0.005524603,242.68614,289.25073,2.686578
1993-06-30,353.3917,0.8598463,89755.56,0.008030646,276.0097,295.55258,2.682525
1993-07-31,380.6606,2.5621183,89746.5,0.012255438,216.81114,295.27435,2.4252608
1993-08-31,371.75607,2.701477,89676.5,0.012092038,191.22578,293.37338,1.9146262
1993-09-30,320.2243,0.38135302,89522.12,0.007289903,204.33264,289.298,1.9678806
1993-10-31,284.0948,1.0287269,89326.87,0.0046548606,143.76344,282.2164,1.8871851
1993-11-30,252.75,1.2491809,89362.586,0.0031811504,85.227776,272.2083,2.3029692
1993-12-31,201.60417,0.0011301349,89457.164,0.0012126886,92.74328,264.72586,2.0247123
1994-01-31,205.5981,0.0004843435,89353.0,0.0012472154,104.23455,266.15393,1.732637
1994-02-28,241.58112,0.2573286,89140.1,0.002153045,106.514885,270.1536,2.118771
1994-03-31,247.42542,0.101456426,89024.77,0.0021050272,183.6082,275.4504,2.3873575
1994-04-30,305.01877,1.8050098,89386.664,0.0052617616,212.57222,285.79846,2.3543305
1994-05-31,320.35684,0.35452247,89636.44,0.005145028,285.56586,292.37354,3.5213735
1994-06-30,369.00137,1.0930148,89762.47,0.009033619,236.78406,295.71896,2.4596972
1994-07-31,386.03293,3.540665,89820.6,0.013570838,256.85953,297.31363,2.3909597
1994-08-31,375.20566,8.840022,89731.54,0.013555937,223.8844,294.8623,2.1722553
1994-09-30,316.34512,0.7553429,89482.805,0.007619245,202.1375,288.24374,1.9897027
1994-10-31,280.1707,0.7103326,89290.9,0.0044820216,138.97514,280.77145,1.8872876
1994-11-30,281.01807,0.5256737,89366.26,0.0040974366,72.9014,276.7183,1.7942252
1994-12-31,220.52888,0.22548898,89457.164,0.002151882,85.48185,268.05228,1.6301694
1995-01-31,198.04369,0.0,89353.0,0.0011541295,107.84678,264.86148,1.3925563
1995-02-28,222.35638,0.00071498327,89143.41,0.0017016226,140.79688,270.6311,1.82414
1995-03-31,245.51814,0.010165061,89061.63,0.0018802666,193.60551,276.64966,3.1373842
1995-04-30,278.9757,0.19283931,89298.52,0.0033057865,240.2771,283.51736,3.2418807
1995-05-31,318.87228,0.34226373,89589.85,0.004749361,268.66397,291.1206,3.0640671
1995-06-30,358.64514,0.72918224,89760.09,0.008351251,265.4,295.67313,2.7764194
1995-07-31,387.38644,2.9092095,89827.01,0.01267491,240.01613,297.50742,2.4244325
1995-08-31,372.23184,5.339859,89685.164,0.013026844,201.59007,293.59805,1.7627339
1995-09-30,339.9139,2.4718533,89518.414,0.010154371,163.09306,289.18997,2.0711582
1995-10-31,295.07126,0.8782391,89325.22,0.006127376,134.7043,282.6467,2.0965028
1995-11-30,235.20209,0.071335085,89360.414,0.002464642,117.58332,273.97144,2.2426362
1995-12-31,210.28496,0.0069363504,89457.164,0.0013093633,88.900536,266.42163,1.5799702
1996-01-31,202.70831,0.014033408,89353.0,0.001005323,99.9664,264.53738,2.2238576
1996-02-29,209.02657,0.06914204,89144.46,0.00094333664,143.9296,267.60867,2.373365
1996-03-31,248.68079,0.27048713,89006.52,0.0021373632,174.51949,275.0138,3.2219703
1996-04-30,288.03543,0.99301,89250.836,0.004023431,204.56805,282.31836,2.7296531
1996-05-31,323.3918,0.5475917,89553.805,0.006032686,253.32597,290.12024,3.1388683
1996-06-30,361.5625,3.941014,89680.88,0.01050339,241.68544,293.51074,2.5607975
1996-07-31,387.19217,3.6888905,89770.23,0.013867638,219.92339,295.93158,2.2157497
1996-08-31,378.39853,3.8425999,89715.836,0.013684998,201.0215,294.44275,2.3583412
1996-09-30,339.4111,0.53985083,89562.37,0.009545985,185.55833,290.32126,2.4060693
1996-10-31,292.81186,0.9980781,89341.9,0.0060060997,145.13911,283.37277,2.4090889
1996-11-30,249.57568,0.35984015,89359.414,0.003059467,96.82223,273.84802,2.329875
1996-12-31,207.13911,0.0043583536,89457.164,0.0012514116,96.22581,267.50024,1.9919487
1997-01-31,202.76344,0.023872865,89353.0,0.0013803714,105.91263,265.9527,1.9443952
1997-02-28,228.81697,0.16607775,89144.28,0.0021037117,130.08481,270.67825,2.1925387
1997-03-31,278.72983,0.3371068,89153.164,0.0044611623,160.19221,279.452,2.5308578
1997-04-30,295.3139,0.7850106,89355.875,0.005601715,232.81252,284.98535,2.5916975
1997-05-31,331.79773,0.82339877,89628.27,0.0077352417,274.8575,292.10376,2.9920511
1997-06-30,359.06253,0.23901063,89810.62,0.0079624755,283.85208,297.09415,2.4303305
1997-07-31,391.21237,3.3780794,89844.19,0.0127633,235.96977,297.99832,2.1548843
1997-08-31,376.36353,1.1556574,89805.53,0.01148511,236.69356,296.9172,2.1465619
1997-09-30,321.3597,1.4383469,89490.055,0.008183281,195.35835,288.4997,2.1604528
1997-10-31,268.54907,0.09613184,89332.56,0.0049822475,169.91801,281.8028,1.8022714
1997-11-30,250.14027,1.1111771,89359.9,0.003391587,99.15139,274.4166,2.301214
1997-12-31,215.8407,0.0,89457.164,0.0019147961,88.996635,268.03714,1.9367231
1998-01-31,207.30107,0.14790985,89353.0,0.0013330057,94.588715,264.06784,2.0434866
1998-02-28,245.30653,0.15804373,89152.875,0.0024142177,120.28051,273.21957,2.7397652
1998-03-31,273.0981,0.70292217,89086.445,0.003162549,148.08669,277.52585,2.7650566
1998-04-30,324.35342,1.784513,89506.72,0.006439017,207.32916,288.92883,3.5003083
1998-05-31,333.2473,2.3385623,89528.01,0.0076505058,230.02821,289.4296,2.5943518
1998-06-30,361.4924,1.5343528,89752.27,0.00980898,274.75067,295.4822,2.6964028
1998-07-31,390.15927,3.9450188,89812.414,0.013993698,234.07594,297.10825,2.1052232
1998-08-31,370.80777,0.88921356,89753.37,0.011876628,235.8051,295.4871,2.0058305
1998-09-30,345.8049,1.8186842,89630.125,0.008843915,187.49931,292.20078,2.249097
1998-10-31,297.12637,0.9611383,89357.75,0.0056715277,135.47112,283.56235,2.0739272
1998-11-30,244.59377,0.003168488,89374.02,0.0024922225,118.5118,276.84796,1.7553693
1998-12-31,213.86424,0.0012915828,89457.164,0.0015520515,98.30646,269.78604,1.7899598
1999-01-31,206.90791,0.0017759264,89353.0,0.0013407773,105.05982,266.7003,1.7891477
1999-02-28,216.72618,0.0021449497,89149.47,0.0010392921,150.56621,271.31943,2.7373247
1999-03-31,264.35013,0.5461433,89111.9,0.002363643,168.87029,278.40274,3.0933144
1999-04-30,296.95694,0.6888456,89411.56,0.003838395,228.03473,286.42105,3.1660144
1999-05-31,326.9261,0.5442091,89639.125,0.0056887344,269.59814,292.40872,3.0685132
1999-06-30,365.51526,0.44301352,89821.71,0.008405856,269.65976,297.37662,2.8356361
1999-07-31,388.72043,2.810503,89824.06,0.012909328,239.98926,297.4484,2.0316265
1999-08-31,369.31992,0.8703409,89829.63,0.009645264,248.28828,297.6036,2.8777177
1999-09-30,352.87292,3.475355,89601.85,0.009456222,162.52501,291.41647,2.2737641
1999-10-31,284.95898,0.3056569,89338.53,0.004722987,147.83937,282.8953,2.150981
1999-11-30,247.83888,0.36700717,89360.375,0.003283023,106.345146,275.02417,2.0172863
1999-12-31,208.19826,0.108874656,89457.164,0.0016350244,96.50403,267.55954,1.6859008
2000-01-31,204.48051,0.29339182,89353.0,0.0012911591,93.87433,263.30365,1.7594757
2000-02-29,220.83978,0.10173508,89142.79,0.0016591526,135.02946,269.03,2.2836986
2000-03-31,254.38643,0.2221077,89121.48,0.0020430863,193.56453,278.4887,3.0382822
2000-04-30,281.37012,0.2973447,89328.52,0.0026476698,235.2896,284.308,3.7417364
2000-05-31,323.4953,0.27839884,89667.914,0.0046507963,280.85886,293.2257,3.7103574
2000-06-30,368.99026,3.3905146,89756.5,0.009746089,242.09932,295.5847,2.751275
2000-07-31,388.51413,2.748731,89864.99,0.012317035,251.27888,298.59384,2.5182126
2000-08-31,373.13977,3.1474397,89722.51,0.011803632,208.11963,294.6332,1.6935778
2000-09-30,332.92087,1.7138456,89563.06,0.0077073644,186.78056,290.3823,1.8786083
2000-10-31,301.63107,0.9582396,89316.75,0.0058574197,115.856865,281.9739,2.3907123
2000-11-30,242.74373,0.14567743,89359.94,0.0025043918,101.999306,273.30286,2.254453
2000-12-31,224.1559,0.017743265,89457.164,0.0016597504,87.36761,269.8516,1.872965
2001-01-31,221.37634,0.19759494,89353.0,0.0015859358,89.421364,267.20187,2.031481
2001-02-28,233.17786,0.54876184,89149.78,0.0017879764,128.48065,271.67746,2.4112828
2001-03-31,246.55914,0.26839644,89102.23,0.001705428,199.33333,277.63605,3.401761
2001-04-30,297.2875,1.6955175,89332.07,0.0042688195,206.31667,284.3992,3.0029802
2001-05-31,316.2769,0.08000945,89658.41,0.0040433416,292.1774,292.94962,3.1808414
2001-06-30,359.57642,0.36818013,89830.6,0.007253042,279.93265,297.64322,2.8786085
2001-07-31,386.41394,2.6935675,89881.836,0.010496578,251.04503,299.07675,2.9554434
2001-08-31,373.22644,6.188087,89745.79,0.011922534,226.01277,295.2919,2.771691
2001-09-30,349.89307,4.0188556,89511.46,0.00971422,139.92915,288.97403,2.063925
2001-10-31,308.0625,0.7543662,89343.68,0.0067235865,122.085335,283.7983,1.964965
2001-11-30,241.4389,0.82167536,89358.59,0.0028120503,114.29653,274.95068,1.9181973
2001-12-31,221.3347,0.10613915,89457.164,0.0014298256,76.463036,266.34912,2.1762822
2002-01-31,223.32326,0.049681634,89353.0,0.0015069199,97.502014,269.64758,1.784465
2002-02-28,244.89435,0.031969886,89157.15,0.0019534647,121.54612,273.59314,2.0430448
2002-03-31,264.2957,0.24532886,89165.69,0.002468326,185.00201,279.85538,3.0783417
2002-04-30,294.80206,1.4171792,89348.66,0.0034412062,209.46806,284.8228,3.6230583
2002-05-31,334.59946,2.040825,89554.28,0.006827465,226.72511,290.14905,2.1811693
2002-06-30,373.8472,4.5490246,89761.586,0.010858845,241.12848,295.7286,2.6164696
2002-07-31,386.7628,2.225987,89811.81,0.012878911,242.52016,297.10208,2.0343306
2002-08-31,375.1445,1.1145378,89759.98,0.011977117,225.67944,295.6874,1.9961425
2002-09-30,337.99722,1.9678472,89511.87,0.008712084,160.6507,289.02615,1.9059864
2002-10-31,282.7809,0.5095252,89352.38,0.0044778716,151.96439,282.77957,2.3949058
2002-11-30,231.52501,0.00016682943,89361.87,0.0020915254,122.24792,274.34055,1.8089638
2002-12-31,223.42674,0.5795291,89457.164,0.0017712718,73.10418,265.74948,1.8400456
2003-01-31,201.41869,0.103554256,89353.0,0.0014828257,100.31721,263.98666,1.5012608
2003-02-28,242.73438,0.12483651,89155.43,0.0023742444,119.86905,272.33163,2.217771
2003-03-31,271.22446,0.60792,89086.555,0.0032530325,154.85216,277.68494,2.6329381
2003-04-30,298.86392,0.67250997,89340.805,0.0040309033,201.46248,284.60593,2.9939308
2003-05-31,337.5941,1.6590534,89612.6,0.0067239893,239.90929,291.70016,2.891782
2003-06-30,357.2264,1.8268539,89731.125,0.008534095,260.84723,294.8983,2.4880753
2003-07-31,385.56924,1.1477648,89809.49,0.011709922,226.84276,297.03998,2.6059167
2003-08-31,379.4778,3.6937332,89730.555,0.012239554,194.37164,294.85916,2.2913468
2003-09-30,354.5889,4.3075166,89563.28,0.010605826,151.90486,290.35385,2.0376248
2003-10-31,288.69022,0.9216244,89311.414,0.0055385623,137.21638,281.95078,1.8780241
2003-11-30,258.43613,1.3033463,89361.94,0.0032728391,88.9354,274.52985,2.2189417
2003-12-31,214.89046,0.013551527,89457.164,0.0014530947,88.31854,267.3984,1.681492
2004-01-31,216.33467,0.12839605,89353.0,0.0014123417,90.05109,265.9003,2.3923147
2004-02-29,222.6451,0.20656584,89163.96,0.0013595492,149.42674,272.39423,2.5927787
2004-03-31,254.52354,0.124366514,89115.055,0.0021210676,188.5504,278.15533,3.1990669
2004-04-30,294.13748,0.54851663,89494.46,0.003317672,254.93402,288.63065,3.3013194
2004-05-31,319.28162,1.7195306,89575.75,0.0052495697,263.12302,290.7427,3.4165242
2004-06-30,356.69373,1.3746837,89722.19,0.008085728,248.05696,294.66757,2.7577083
2004-07-31,377.09073,3.0235684,89778.305,0.011389495,239.60822,296.16513,2.515809
2004-08-31,373.7809,4.8655014,89688.15,0.011961785,185.416,293.6983,2.3709006
2004-09-30,328.3125,1.029183,89547.41,0.0073700137,191.29375,289.94153,2.5204415
2004-10-31,279.08804,0.571623,89312.125,0.0041601486,146.92339,281.68057,2.112551
2004-11-30,234.82709,0.03350576,89363.836,0.0022152725,116.06249,273.92746,2.241975
2004-12-31,228.01814,0.46017924,89457.164,0.0019044466,78.95161,268.6823,2.4101584
2005-01-31,199.77489,0.01758477,89353.0,0.0012223311,101.66062,263.77097,2.3162286
2005-02-28,222.5625,0.32340404,89141.79,0.0016051969,126.22321,267.97708,2.508366
2005-03-31,240.8972,0.11646196,89085.6,0.0017002719,204.54704,276.8576,3.0952072
2005-04-30,285.20483,0.45034385,89433.18,0.0023576058,250.86876,287.03516,3.3067083
2005-05-31,323.6512,1.6124396,89609.71,0.006000256,271.8461,291.60803,3.1368845
2005-06-30,358.10693,0.9981837,89825.47,0.007120742,276.3118,297.5251,2.9284084
2005-07-31,385.05713,1.5792092,89865.53,0.010885355,245.79369,298.5987,2.7481802
2005-08-31,371.0336,2.529535,89740.22,0.011328086,217.5269,295.1133,2.4599974
2005-09-30,353.11044,1.8925176,89599.24,0.008791107,151.26874,291.3163,2.411214
2005-10-31,292.95023,0.91807747,89323.25,0.0049378662,128.89851,282.38535,2.3149168
2005-11-30,237.19446,0.0030029295,89367.69,0.0021080754,121.59237,275.86642,2.1629696
2005-12-31,192.13037,0.055325165,89457.164,0.00088882307,100.97782,264.27896,2.3693738
2006-01-31,229.19086,0.31549418,89353.0,0.0018393149,72.49261,265.71072,1.9629704
2006-02-28,225.49034,0.1992997,89151.305,0.0016444648,136.5171,270.99158,2.7991521
2006-03-31,244.87636,0.0058111367,89132.02,0.001590237,209.04639,278.55527,3.3420029
2006-04-30,285.11252,0.1283488,89420.664,0.0023322979,247.70837,286.71094,3.7794526
2006-05-31,329.40857,2.0316312,89593.62,0.0057732263,244.64653,291.21506,3.2158196
2006-06-30,355.9861,0.980681,89775.07,0.0076582003,268.6028,296.11475,2.986725
2006-07-31,390.47647,2.8922822,89848.81,0.012762192,242.39447,298.11868,2.8547337
2006-08-31,386.26547,4.1682487,89757.02,0.012710426,188.60551,295.57452,2.5983684
2006-09-30,337.8847,1.5286866,89508.53,0.008734322,160.53612,288.89035,2.347264
2006-10-31,309.05713,0.4554955,89419.51,0.0067934818,142.47377,285.9708,2.325223
2006-11-30,251.05971,0.3098399,89366.27,0.0028957948,109.32291,276.4443,2.2143528
2006-12-31,225.76141,0.07371545,89457.164,0.0017733659,78.81788,268.23618,2.0284116
2007-01-31,200.84746,0.04291067,89353.0,0.0012362961,109.56989,265.97208,2.3293035
2007-02-28,236.17262,0.3739458,89169.26,0.002206444,142.28795,274.64542,2.358051
2007-03-31,261.88644,1.5248588,89098.6,0.003056909,173.80981,277.44275,2.8901746
2007-04-30,279.18124,0.5228431,89352.09,0.0027166754,246.39653,284.89978,3.1870642
2007-05-31,319.10953,1.7237188,89647.305,0.004640468,278.8562,292.63388,3.1035187
2007-06-30,364.86877,1.4470205,89753.72,0.008624111,237.45068,295.50616,2.531286
2007-07-31,375.91672,2.426795,89785.49,0.011292432,247.20634,296.37326,2.2995725
2007-08-31,379.81314,2.1809866,89781.54,0.011450455,212.46709,296.2582,2.4291532
2007-09-30,335.57498,2.4608476,89531.34,0.00827477,175.96736,289.5229,2.0351694
2007-10-31,293.85953,3.5588872,89299.805,0.005926713,121.45699,281.74524,2.029621
2007-11-30,238.17567,0.020503234,89360.875,0.002862242,122.42501,275.701,2.263664
2007-12-31,215.13304,0.21259014,89457.164,0.0020170945,94.54301,268.88748,2.2322445
2008-01-31,217.50604,0.34694943,89353.0,0.0012988122,75.190865,263.57355,2.0186424
2008-02-29,215.76292,0.16742496,89142.336,0.001499943,124.49712,265.99246,2.3737786
2008-03-31,262.6008,0.41162184,89162.59,0.002641648,190.72112,279.8434,3.0189488
2008-04-30,300.38403,0.85851437,89385.48,0.0043501835,214.01183,285.74533,3.332447
2008-05-31,315.4778,0.22727078,89600.875,0.0043319385,275.41602,291.40952,3.1663845
2008-06-30,357.76596,2.0191891,89716.65,0.008469651,245.82014,294.50098,3.0035086
2008-07-31,380.81113,0.731149,89832.01,0.01043706,243.00874,297.65353,2.7458522
2008-08-31,365.8622,2.722924,89728.66,0.010016347,218.71642,294.82614,2.7591426
2008-09-30,347.50143,3.9980183,89536.055,0.009195043,150.28194,289.64386,2.118714
2008-10-31,293.30038,1.3874313,89339.38,0.00569317,137.47446,282.98215,2.2508843
2008-11-30,244.80208,0.052009583,89364.586,0.002595723,108.00695,275.18655,2.176725
2008-12-31,208.84407,0.0037123158,89457.164,0.0011833175,92.99261,267.30896,2.5288198
2009-01-31,206.07324,0.00016144784,89353.086,0.0010106644,101.08132,265.78235,2.1966856
2009-02-28,256.19122,0.22769165,89151.88,0.00221006,103.799095,273.66068,2.3951998
2009-03-31,262.86154,0.3385637,89120.305,0.0022052503,176.26076,278.4716,3.1745455
2009-04-30,299.61807,0.1826762,89438.59,0.004009142,229.18195,287.1346,3.4068806
2009-05-31,333.61423,2.0067918,89579.23,0.0063082185,222.3387,290.79965,2.86475
2009-06-30,352.20627,0.24367803,89809.37,0.006480383,279.57224,297.0668,2.8265026
2009-07-31,387.94156,4.951636,89812.32,0.012559245,216.74532,297.10904,2.3121963
2009-08-31,375.97986,5.480829,89685.71,0.011846167,175.46034,293.6393,2.221223
2009-09-30,347.94095,2.8846862,89528.51,0.009820306,142.59999,289.41864,2.3387475
2009-10-31,298.4355,0.36468506,89367.055,0.0058802553,136.99664,284.1924,2.1949973
2009-11-30,241.65833,1.5375127,89366.44,0.0028343282,94.41181,271.5813,2.0582306
2009-12-31,224.68684,0.08629608,89457.164,0.0017826348,71.14583,266.2539,2.4447823
2010-01-31,211.1512,0.007906267,89353.0,0.0014769709,100.013435,266.9092,2.5975456
2010-02-28,240.91295,0.52411735,89158.38,0.0025581254,117.47024,271.317,2.4857652
2010-03-31,266.84744,0.44550252,89039.586,0.0027941081,148.02556,276.0153,3.5478952
2010-04-30,281.33264,0.9551869,89229.49,0.003523595,210.9243,281.77237,3.3126419
2010-05-31,330.6075,1.2590576,89567.91,0.0064491485,235.78828,290.50928,2.8922713
2010-06-30,360.42432,1.1181823,89772.836,0.008883837,272.32568,296.0495,2.782986
2010-07-31,395.55112,1.0975968,89874.13,0.012574501,233.21773,298.8472,2.5771964
2010-08-31,380.9637,4.5477667,89726.555,0.012218452,178.01411,294.7404,2.2565992
2010-09-30,355.8229,2.0166876,89565.88,0.010165984,142.94652,290.4334,2.2729974
2010-10-31,293.75604,0.98743147,89342.12,0.0054912134,138.22649,283.01782,2.3392553
2010-11-30,235.65974,0.0046676635,89363.21,0.0021364284,119.25833,275.371,2.3664305
2010-12-31,199.47377,0.00016144784,89457.19,0.0009563659,101.82459,267.2415,2.7877283
2011-01-31,185.64247,0.048391774,89353.0,0.0007646456,106.37903,261.0913,1.4411745
2011-02-28,239.90997,0.38751248,89149.98,0.0019707,114.70164,271.7568,2.0991697
2011-03-31,231.14854,0.057427686,89020.49,0.0013256188,211.51814,275.09695,2.0207176
2011-04-30,282.46738,0.67834425,89369.875,0.002781948,244.65553,285.37192,2.4296696
2011-05-31,316.93082,1.0051764,89561.93,0.004590861,255.79771,290.3461,2.0999973
2011-06-30,368.2882,0.53084916,89809.24,0.008040317,248.07433,297.025,2.2559083
2011-07-31,377.24332,5.0916386,89766.73,0.011463282,231.21239,295.84097,2.0086048
2011-08-31,374.0779,3.1137283,89712.54,0.0120297475,204.36359,294.36087,1.9317015
2011-09-30,338.96112,3.0343506,89477.29,0.008698554,144.5868,288.07068,1.7348083
2011-10-31,300.85013,1.772919,89345.22,0.005785189,127.81049,283.54562,2.1879275
2011-11-30,276.85696,1.7896805,89359.41,0.0044902116,79.03959,277.02716,1.5951529
2011-12-31,220.97044,0.022584485,89457.164,0.0018981347,79.47782,267.27734,1.2482499
2012-01-31,198.54234,0.02677819,89353.0,0.0011842666,106.45228,264.96005,1.3951426
2012-02-29,216.45618,0.065867454,89142.96,0.0013416872,136.59843,268.54178,1.963595
2012-03-31,256.5195,0.28146312,89047.71,0.0024893822,175.91261,276.64386,2.1187284
2012-04-30,286.1215,0.7741816,89411.4,0.0034958173,256.7993,286.42355,2.3434973
2012-05-31,325.0726,1.4309853,89626.23,0.0058533284,273.5867,292.0555,2.3575776
2012-06-30,350.54028,3.1040182,89728.94,0.0084091835,274.98056,294.82162,2.3228252
2012-07-31,387.71103,4.1984105,89785.06,0.013606434,219.59743,296.33328,1.9324702
2012-08-31,369.43616,1.585018,89740.664,0.01222872,232.77821,295.12064,2.0079272
2012-09-30,327.00696,4.0695186,89471.43,0.008728507,177.09236,287.92416,1.724825
2012-10-31,284.8985,0.47098443,89333.16,0.0050185355,145.27556,282.58002,1.722422
2012-11-30,235.00209,0.53935087,89359.77,0.0023884058,107.24097,272.63315,1.7798916
2012-12-31,219.69489,0.19984585,89457.164,0.0015428901,78.364914,266.70294,1.7143359
2013-01-31,203.54301,0.13968462,89353.195,0.0012646698,108.68011,266.92987,1.408309
2013-02-28,227.04018,0.05518423,89153.98,0.0015022773,139.5796,272.14447,1.8480983
2013-03-31,259.40994,0.06661741,89228.4,0.0018706671,205.41264,281.4466,2.340637
2013-04-30,278.56528,0.74268085,89348.21,0.0026853338,247.64793,284.8624,2.7174585
2013-05-31,330.834,0.53146464,89642.76,0.0053860974,251.10686,292.50507,2.3345132
2013-06-30,364.89795,2.2691917,89785.445,0.008668703,255.90694,296.38477,2.8939197
2013-07-31,389.96713,8.892928,89756.51,0.013063521,187.25336,295.54834,1.9823629
2013-08-31,378.40323,3.4732418,89753.15,0.012343064,210.63037,295.4807,2.4691908
2013-09-30,344.1334,5.211852,89542.54,0.008163086,154.21735,289.80542,2.0332081
2013-10-31,289.0981,0.35210714,89376.56,0.0046689254,151.32663,284.2111,1.9957767
2013-11-30,244.06111,0.26467666,89359.96,0.0022944089,105.0875,274.80862,1.6613973
2013-12-31,201.43279,0.012099481,89457.164,0.0011723688,100.917336,267.4,1.45604
2014-01-31,207.87434,0.02145435,89354.336,0.0009461616,110.27285,268.97116,1.6399112
2014-02-28,245.47472,0.49090418,89150.71,0.0019197533,101.36831,270.7919,2.0772173
2014-03-31,256.73456,0.47936788,89177.625,0.002222643,200.55647,280.04868,2.0932715
2014-04-30,306.22012,1.5516806,89407.31,0.004676912,204.38055,286.2726,2.3118641
2014-05-31,313.31854,1.1317844,89575.59,0.0042558284,268.37097,290.75342,2.7070782
2014-06-30,354.28125,1.8253504,89745.07,0.007873925,264.88126,295.2551,1.9225751
2014-07-31,372.5531,4.8711543,89786.91,0.010819778,257.87433,296.41653,2.1637068
2014-08-31,356.57663,1.4853421,89686.09,0.009383895,226.2641,293.65317,1.891997
2014-09-30,349.56738,3.355855,89556.43,0.008664262,149.12015,290.15884,1.8304638
2014-10-31,300.4926,1.0674316,89396.1,0.005067842,139.60014,285.2198,1.9192284
2014-11-30,253.7028,0.60667723,89360.15,0.0026292698,99.33334,275.7885,1.9653807
2014-12-31,197.459,0.009841919,89457.164,0.0008648956,100.23925,266.26303,1.8002824
2015-01-31,212.48859,0.102265395,89353.06,0.0013139253,103.32661,268.68753,2.0687501
2015-02-28,229.029,0.24286814,89152.16,0.0014874913,132.78423,271.72528,2.1705685
2015-03-31,254.11761,0.27339837,89173.15,0.0019366029,203.42944,279.6834,2.510089
2015-04-30,288.6354,1.1451788,89381.41,0.0035248145,242.28265,285.67502,2.8062193
2015-05-31,319.5356,1.1071126,89602.66,0.0046370276,266.2863,291.4554,2.6418793
2015-06-30,354.81458,1.2055148,89732.13,0.00791127,249.97778,294.90765,2.607747
2015-07-31,368.0128,2.5088902,89843.84,0.009148224,282.4906,298.0037,2.6433628
2015-08-31,360.17606,1.7553391,89750.65,0.0092620915,233.45564,295.41492,2.105938
2015-09-30,337.55765,3.8590202,89561.086,0.008396728,178.73126,290.2889,2.1530082
2015-10-31,287.0477,0.80049944,89356.4,0.0047980943,150.2016,283.39957,2.1996639
2015-11-30,285.51944,5.158011,89361.29,0.0043347864,69.21667,277.38846,2.0125473
2015-12-31,226.51949,0.2564557,89457.164,0.0019347933,83.623665,269.82803,1.9499273
2016-01-31,194.78429,0.06242149,89699.34,0.0009988525,110.64045,264.96695,1.891637
2016-02-29,215.92027,0.15517767,89736.71,0.0012277389,145.11565,269.81897,2.131532
2016-03-31,256.86893,0.32807133,89233.52,0.0021729039,195.8676,279.3011,2.547207
2016-04-30,304.77567,0.8345096,88703.28,0.0037445892,223.14027,287.82547,2.7549973
2016-05-31,317.3649,2.056792,88722.375,0.004958702,260.78964,290.2333,2.9034488
2016-06-30,360.63815,1.9100183,88334.195,0.008511036,244.00763,294.99844,2.3814418
2016-07-31,393.3065,5.6495376,88225.78,0.012754844,193.18077,296.57422,2.5517929
2016-08-31,387.39783,3.9166334,88548.73,0.013471559,189.85011,296.20132,2.1236749
2016-09-30,336.4625,1.2240163,89028.32,0.008751725,189.73889,290.43082,2.0768974
2016-10-31,309.7305,2.6724374,89401.52,0.005982923,119.270164,284.0509,2.1430943
2016-11-30,245.65208,0.20384014,89621.375,0.0028150503,113.40624,275.97873,2.0662305
2016-12-31,231.88844,0.34065172,90035.06,0.0018617935,85.781586,271.83865,1.8762875
2017-01-31,214.30847,0.052103102,90060.77,0.0013916804,105.4039,269.1911,2.0214703
2017-02-28,230.0119,0.7203639,89912.945,0.001592563,138.37947,272.5375,2.318795
2017-03-31,252.8199,0.096624576,89651.59,0.0021811374,186.05444,277.42172,2.275922
2017-04-30,293.4785,1.5011797,89184.34,0.0033849946,227.15556,286.00992,2.3824306
2017-05-31,321.52148,0.78420633,89123.96,0.004522785,270.26746,292.2427,2.3022017
2017-06-30,356.49585,1.8456908,88772.71,0.007965745,258.64026,295.086,2.5020916
2017-07-31,390.3313,6.6856666,88625.055,0.011771685,238.08333,298.74496,2.3130188
2017-08-31,376.74533,5.388895,88942.195,0.011515078,198.89583,294.86606,1.9650508
2017-09-30,343.7986,0.43651426,89278.4,0.0084419595,181.79793,291.72888,2.206275
2017-10-31,317.10684,4.1951804,89971.47,0.006141054,88.799736,282.726,2.149594
2017-11-30,237.25,0.004669698,89980.055,0.0022113312,117.58056,275.38467,2.0253918
2017-12-31,209.86894,0.09516489,90235.31,0.0012293445,96.31116,268.72797,1.7171745
2018-01-31,214.88106,0.20403881,89939.62,0.0012160246,90.82325,266.06265,2.072696
2018-02-28,213.5238,0.020182474,89807.664,0.00092249154,147.88393,270.24753,2.3666282
2018-03-31,276.73587,0.1529098,89389.81,0.0026860675,182.73187,282.7391,2.616051
2018-04-30,297.1097,1.4741806,89202.125,0.0034265893,237.84862,287.7222,2.8543084
2018-05-31,329.254,2.4592116,89026.195,0.0053883903,249.12904,291.96237,2.8015726
2018-06-30,356.54794,1.1660159,88680.914,0.0075901304,260.57016,296.03745,2.5204306
2018-07-31,396.24258,5.6824393,88608.5,0.01306736,212.80373,297.7817,2.6710188
2018-08-31,390.6304,4.934376,88861.414,0.013246412,207.0894,297.1907,2.1049812
2018-09-30,331.28125,2.5930135,89583.47,0.0074195806,156.19514,287.9764,2.0014527
2018-10-31,274.7278,0.41678128,89863.71,0.0035387317,156.25807,282.56296,2.3015993
2018-11-30,254.49861,0.06650899,90074.72,0.0022650782,96.66318,276.06564,2.3445196
2018-12-31,203.00739,0.013874669,90292.4,0.0008430085,94.80377,266.28616,2.113422
