ORIG,TREND,Imf_0,Imf_1,Imf_2,Imf_3,Imf_4,Imf_5,Imf_6
-0.73741484,-0.5540909592065787,-0.14786807432924007,0.010982969177953907,0.01907497805928454,0.027319234033009458,-0.1520998881673818,0.0800051893341594,0.017836697997319885
0.45797607,0.5050111488430834,-0.04417570138023844,0.00991424508889759,0.020508334788898738,0.029574476707418515,-0.15327465549876693,0.0801727920746025,0.017851843229562885
0.72211653,0.6894110268031199,0.00697353913909283,0.019568701902438562,0.021509597255347818,0.03158727056197668,-0.15435275215032343,0.08033334002103774,0.017866514620059976
-0.32203108,-0.35011546583338626,-0.03588049471194864,0.03696080169492926,0.021841230122273157,0.03333333605774769,-0.1553321952037263,0.08048678829441405,0.01788071047072598
-0.5192797,-0.5323406710525063,-0.022478710051419378,0.05499175590885588,0.021191616793939768,0.03478986391386287,-0.15621102889651753,0.08063309436029954,0.01789442926566539
-0.2661743,-0.5173197313962475,0.18268683077491343,0.06627310744355487,0.01926290541341409,0.03593772417611344,-0.15698750814943913,0.08077221642369019,0.017907670616334758
1.2177358,0.8022002680361076,0.3507345132908991,0.06523172921012371,0.01577631739829428,0.036756531213380475,-0.1576600319032401,0.08090411581344456,0.017920435910753957
0.6196029,0.35334308861717345,0.27264874562363883,0.04921299800631354,0.010537192412507028,0.03722678016917255,-0.1582269643589037,0.08102876121083398,0.017932727141296966
-0.617091,-0.6906089576665155,0.05305489248934507,0.023045795629727143,0.003489167781483518,0.03733088468574311,-0.15868704434408662,0.0811461258804859,0.017944547599998507
-0.7415375,-0.5518410517646373,-0.1417284258699857,-0.004302448334329495,-0.005334705770014238,0.037051535654827356,-0.15903932562981776,0.0812561871572201,0.017955902691125614
0.33855367,0.6717653431951276,-0.2461950002677273,-0.022379597214503527,-0.015808535634284603,0.03636960547330822,-0.15928302065135833,0.0813589210038514,0.017966798295563132
-0.3554863,0.020668288605623787,-0.27734123821159834,-0.020543904213147245,-0.02763979279196136,0.035266765647961086,-0.15941745123406512,0.08145430451171183,0.01797724029419597
-0.70704836,-0.39876800554143416,-0.259635653718667,0.005849301580674499,-0.04024926833091573,0.03372739737650035,-0.15944211301078612,0.08154231480124724,0.017987234567909013
-0.48026827,-0.27403162791164154,-0.15683832557735639,0.05262958072826558,-0.05273645963300935,0.031738263057335445,-0.1593567153884175,0.08162291831377465,0.017996786997587187
0.5098066,0.5101824041594737,-0.005464738107949018,0.10628221418135578,-0.06409440082182742,0.029289444577194002,-0.15916128618773587,0.08169607324037412,0.01800590346411535
-0.3740195,-0.5532074848601699,0.14564296617191946,0.14897700218724,-0.07329392111792359,0.02637574782223668,-0.15885603794413605,0.08176173544210144,0.0180145898483784
0.33565092,0.050122002145374565,0.24472524779589722,0.16392766542252063,-0.0793839184043949,0.022997008347092934,-0.15844150713703078,0.08181985943141305,0.018022852031261232
0.84728,0.6019981760487227,0.25093336484755874,0.13799682212827846,-0.08161497689080241,0.019158463508753654,-0.15791843646882675,0.08187038599852092,0.018030695893648734
-0.5339037,-0.5843507489235781,0.15091079297095064,0.06656953754948734,-0.07967554943334645,0.014874086606602657,-0.15728762056234596,0.08191324844538733,0.01803812731642581
0.31236786,0.4876581556353136,0.024573118083912562,-0.04116016277654532,-0.07350974034764056,0.010166860089431944,-0.15655008693282157,0.08194836727939446,0.018045152180477333
-0.66329885,-0.2883397910218612,-0.11053778242745929,-0.16515069392188242,-0.06316839655777393,0.005067982223728169,-0.15570694199297008,0.08197565923057606,0.01805177636668821
-0.5448249,0.056640540924322184,-0.2255793507102328,-0.27903160356040035,-0.048739772878883814,-0.000383005394328155,-0.15475937637865933,0.08199504168513039,0.01805800575594333
-0.75829315,-0.007729790094251964,-0.2669365263616463,-0.3572088447112617,-0.030329950460838674,-0.006141271852382878,-0.15370870287749688,0.08200642732567219,0.018063846229127586
-0.65950185,-0.0012534847894321926,-0.21936506172413406,-0.3810573704257505,-0.008112728562668448,-0.012156874365238995,-0.15255638219952122,0.08200972816704656,0.018069303667125877
-0.49894437,0.022058380133379272,-0.11528314946011521,-0.34337291449951335,0.017360656446361197,-0.01837483898905356,-0.15130399693697863,0.08200484842342433,0.018074383950823086
-0.621541,-0.2939916936302486,-0.04242353493626173,-0.2463335707018463,0.04468493060567922,-0.02473681652652843,-0.14995311299413394,0.08199169129868897,0.0180790929611041
0.013792468,0.22334897961520198,-0.11124000495217011,-0.1030002112966645,0.07200236152737685,-0.031182317807393445,-0.148505186798843,0.08197016214289038,0.018083436578853813
0.65730655,0.8055618874170227,-0.2270166590922185,0.06074002992847241,0.09737342527672267,-0.037648256701864155,-0.14696156464518245,0.08194017064189302,0.018087420684957115
-0.90404415,-0.9801180898767338,-0.17309334588436165,0.21395868235212054,0.11886602377922034,-0.04407112421700415,-0.14532353420683844,0.08190162753451784,0.01809105116029891
0.6353035,0.12165144925677687,0.1559397204598731,0.33066087332267924,0.1345649734857809,-0.050386047359160795,-0.14359236111156468,0.08185443951196911,0.01809433388576409
1.8355253,0.941997434517819,0.470888503400072,0.3910908832015968,0.1426384837074403,-0.05652350257226964,-0.1417693368399825,0.08179851338483968,0.01809727474223755
0.53100985,-0.35143094419171045,0.4670048687419079,0.3814132782157313,0.1416381923506225,-0.062407733566316584,-0.13985576173735645,0.08173374992860336,0.018099879610604136
-0.04857528,-0.556789983594531,0.1779266437791997,0.3089328685542477,0.13128392469661063,-0.06795548664539895,-0.13785299986165542,0.08166005239556616,0.0181021543717488
0.2576675,0.2886034629137174,-0.20942808930693688,0.19584709437467937,0.1126634441334234,-0.07307955514920793,-0.13576245970689427,0.08157732942136246,0.0181041049065564
-0.30516535,0.12095271160659835,-0.4346329826043675,0.06717920293323525,0.08724962168055628,-0.07768883946833972,-0.13358561359851143,0.08148549168142923,0.01810573709591186
-0.61682296,-0.08293993989101839,-0.43457311287052924,-0.053096984406032194,0.05653529360799905,-0.08169132479869308,-0.13132399642898615,0.08138444740304333,0.018107056820700042
-0.7194834,-0.24996836374227732,-0.1924573883102691,-0.14839031802902414,0.022007957001577337,-0.08499650989051025,-0.12897907315286664,0.0812741041043103,0.01810806996180585
-0.041621257,0.1562267758048198,0.16402255244941932,-0.2078953587579408,-0.014819460829349984,-0.08751663274276726,-0.12655222387520323,0.0811543694493008,0.018108782400114157
0.20055115,0.25263337357644633,0.33533708634735343,-0.22294746393506443,-0.05231521848086281,-0.08916562850449433,-0.12404488175482652,0.0810251515172238,0.01810920001650988
-0.48030382,-0.22442593192664972,0.1486856848514886,-0.1930447051064665,-0.08844460626021411,-0.08985832474963186,-0.12145862263682282,0.08088635726433889,0.018109328691877907
-0.26235464,0.31952218377756963,-0.19102522496621543,-0.1344262530868755,-0.12072808347722522,-0.08951097829237571,-0.11879518106599603,0.08073788875121644,0.01810917430710313
-1.1426796,-0.5696577308895253,-0.25477464322825,-0.06899354807319762,-0.1464313785788863,-0.08804447493649165,-0.11605627443942261,0.0805796473503601,0.018108742743070404
0.45086533,0.7381016328280334,0.017135175046935142,-0.019225119976820138,-0.16284030196831087,-0.0853908697157616,-0.11324350003632032,0.08041153608310397,0.018108039880664693
-0.8840666,-0.8897062676608152,0.2761138471950112,-0.012172711709479192,-0.1675523907202251,-0.08150965461162714,-0.1103584092947306,0.08023345652827958,0.018107071600770845
0.7436422,0.954078932379329,0.14119571782076346,-0.065390612379729,-0.15975481854539691,-0.07639449302851378,-0.10740243819859252,0.08004531019046157,0.018105843784273736
-1.4134041,-0.8769808721127055,-0.1897266991906832,-0.1548842904912184,-0.14054201553601783,-0.0700996401484577,-0.10437705246095494,0.0798470011650848,0.01810436231205828
0.073947236,0.674892367937622,-0.17921811418120281,-0.2333401827810628,-0.11190134606022131,-0.06270790278322148,-0.10128369170573352,0.07963843668023401,0.01810263306500938
-0.7029419,-0.26834504674030557,-0.10167949140253155,-0.23778115974969874,-0.07602893430436836,-0.05431050277346233,-0.09812371390537955,0.07941952261920229,0.018100661924011906
-0.39887556,0.10337369017508058,-0.29430362203272714,-0.12939325182161643,-0.035508115651480404,-0.045001807231426855,-0.09489840823829235,0.07919017005881705,0.01809845476995077
-0.63332665,-0.23096237157781072,-0.4193964182113186,0.057152627239907015,0.006492168020310024,-0.03487727147689725,-0.09160904594817124,0.07895029373309048,0.01809601748371086
0.24820177,0.12543042063643034,-0.14150685350460634,0.25656065763211006,0.04665325178619712,-0.024032698715461,-0.08825694109627641,0.0786998132316176,0.018093355946177045
0.4169646,-0.6470098263183688,0.549332274835311,0.405419229868116,0.08165633881686343,-0.01256479445213654,-0.08484343697318943,0.0784386525731989,0.01809047603823423
2.2292483,0.8656738301968726,0.8378594817161784,0.4448645786557324,0.10830670544741601,-0.0005733217397691137,-0.08136986803938549,0.07816673676415221,0.018087383640767327
-0.2581573,-0.8184232075440002,0.105924572407552,0.34238255827419095,0.12445713727744719,0.011836028748718008,-0.07783763632457441,0.07788399124486299,0.018084084634661202
-0.448677,-0.09977163488384523,-0.6687519366773883,0.1488632200460087,0.13028144370623207,0.02454533787321862,-0.07424822064398924,0.07759034156423333,0.018080584900800754
-1.1176991,-0.7849652004914559,-0.45762303425880857,-0.0689542385592406,0.12682924717668706,0.03741889090067621,-0.07060320408498302,0.07728571327116543,0.0180768903200709
0.9760884,0.8383061829053531,0.2101462625805316,-0.2639382679942782,0.1154349412694662,0.05030488676273175,-0.06690422158477523,0.07697003363740276,0.018073006773356486
0.7312976,0.43990169592764,0.4903081007863856,-0.39356465936255225,0.09779075335778002,0.0630426876428487,-0.06315298639165406,0.07664323729426148,0.018068940141542426
-0.39748996,-0.4285063281830034,0.2935599116439199,-0.4253082582496434,0.07563899230868057,0.0754647734583766,-0.059351324522991904,0.07630526307747149,0.018064696305513637
-0.63612515,-0.32803853086215434,-0.11802323613772843,-0.364150704562248,0.05048297858443956,0.08740320702230557,-0.055501111436972825,0.07595605310919795,0.018060281146154974
-0.3824874,0.1995216800852409,-0.48811459201806573,-0.23077403065709906,0.023764797193912127,0.09869492909241248,-0.05160425918339031,0.07559555165339785,0.018055700544351346
-0.70732737,-0.14239352747892645,-0.6382054123738904,-0.051432906907042525,-0.003015338311530241,0.1091869441790756,-0.04766279999441924,0.07522370059767962,0.01805096038098763
-0.049167804,0.23937326533983497,-0.5647657463643825,0.14607482313558673,-0.02835910281278276,0.1187344377869499,-0.04367886356214752,0.07484043078786513,0.018046066536948752
-0.1859512,-0.42099178562837536,-0.21848368772203675,0.33058002142712317,-0.050837599711503784,0.12719563849643234,-0.03965474608951562,0.07444566880638875,0.018041024893119574
1.4722376,0.6218433765885256,0.24229212744378803,0.4699282361114527,-0.06905751036279985,0.13443369679336573,-0.03559281803260108,0.07403933527069886,0.018035841330384984
0.62509453,-0.5391486261504018,0.5300922348119039,0.5318390031823844,-0.08171184797555825,0.14032439393629612,-0.03149561508307039,0.07362135200728749,0.018030521729629906
0.45170987,-0.7005417253403295,0.5415084591617664,0.49095832473556766,-0.08789186515848346,0.14476803689894244,-0.0273656734314399,0.07319165176945737,0.0180250719717392
1.4710679,0.8040207962934757,0.25325883056059917,0.35293054182607597,-0.08740457095978137,0.14769227822060535,-0.023205250302245798,0.07275017134429415,0.018019497937597783
-0.50951797,-0.5645299826969776,-0.25649848019383487,0.1498824605817781,-0.08044021398781011,0.14905185908413712,-0.019016432159961197,0.0722968509213056,0.01801380550809051
-0.6304735,-0.17355449271033155,-0.4916894428808574,-0.08010939671679694,-0.06730096044993103,0.14882994335230365,-0.014801249248018898,0.07183163172664474,0.01800800056410231
-0.63930136,-0.44720313013784396,-0.07290399035626521,-0.2963627268883927,-0.04842230455752485,0.14702860273014187,-0.010562032074599914,0.07135445585961542,0.018002088986518082
0.6083318,0.48611833393659665,0.40680041864214866,-0.45403730174764717,-0.024283959247578535,0.14366598561947,-0.006301308855461096,0.07086526620935743,0.017996076656222677
-0.47231206,-0.39260674300414905,0.22893371378429123,-0.5167525483721948,0.004579060087615006,0.13877483601334714,-0.002021824650119648,0.07036400814568336,0.01798996945410102
-0.6916219,-0.10503889112758856,-0.35543862846164265,-0.4839654212605282,0.03734158854428151,0.13239657500859084,0.0022734949068522344,0.06985062935865469,0.017983773261037984
0.020341862,0.6922462851312914,-0.612907625800733,-0.3700479108625522,0.07259349994716419,0.12458123704134799,0.006581550521557001,0.06932508248579562,0.017977493957918474
-0.8717442,-1.067600485028394,0.07033585659022717,-0.19786553958284137,0.108617031977474,0.11538598241293808,0.010899219981796889,0.06878732521727783,0.017971137425627382
2.3442378,1.3158003600686745,0.7123152133195503,-0.005911224216098504,0.1436576257382967,0.10487194173768682,0.015223314392246253,0.06823731912524807,0.01796470954504962
-0.5972599,-1.3638395076940333,0.3053774912661025,0.16509791896048154,0.17595788474317012,0.09310246325702158,0.01955058192826022,0.06767502879297266,0.017958216197069995
-0.0016838209,-0.5462853760884723,-0.09719026093274642,0.28209502113849455,0.2037381084775146,0.08014815724673657,0.02387783034203247,0.06710041934829791,0.017951663262573483
0.20105064,-0.9539861015204266,0.3936778136228403,0.325299439891953,0.22530860944083597,0.06609429048875348,0.02820197399668825,0.06651345594357166,0.017945056622444954
2.8252137,1.232690520285345,0.871414696518208,0.3065333946681131,0.23965837322374994,0.05103728015808142,0.03252001276175708,0.06591410469279362,0.01793840215756932
0.90615475,-0.24000844232039928,0.5469991952440363,0.24589669825144297,0.2463172986759231,0.035088416008249655,0.036828962267275354,0.06530233239370264,0.017931705748831423
-0.619975,-0.9267289657749648,-0.2147868019349887,0.16656149424515604,0.24522815627171987,0.018375005721838665,0.04112583305010764,0.06467810917416149,0.01792497327711618
-0.5877477,-0.17776894407587915,-0.8767737418205808,0.09273964304071958,0.2365001731540541,0.0010407575218205557,0.045407611856036804,0.06404141320837407,0.017918210623308502
-0.7461361,0.03964107761209984,-1.1565267130491652,0.04613213636649866,0.22038798284387606,-0.01675172167512801,0.04967121990515875,0.0633922290849216,0.01791142366829327
-0.32402378,0.4522195110218362,-1.1288941061956401,0.03654461412540053,0.1973851414429139,-0.0348307853635932,0.0539135694907856,0.0627305434336008,0.01790461829295536
0.54160833,0.9989635891289025,-0.7935617394777819,0.05889454707671892,0.16826726272322962,-0.05301972292471398,0.05813156878697045,0.0620563442683672,0.017897800378179694
0.43046293,0.21886708336818972,-0.04432761450129523,0.09080852044359045,0.1342489136611967,-0.0711395412724778,0.06232210832736611,0.061369621190519766,0.01789097580485112
-0.35831553,-1.3678085703397957,0.8050247530683527,0.10358324977080054,0.09686720246732929,-0.08900742550749692,0.06648209065780508,0.06067036516808143,0.017884150453854573
2.4507294,1.3189730773061206,1.01800646786302,0.07205995674191469,0.05767421663917931,-0.10643534536444572,0.07060844088069974,0.05995856792097941,0.01787733020607492
-0.87598073,-1.048744508648813,0.12487909351112489,-0.01245895444369595,0.017793901591219057,-0.12323052560197759,0.07469809867041821,0.0592342232224903,0.017870520942397074
-0.5574111,0.20554352271964987,-0.635349565026257,-0.11388245640151956,-0.02205172777151002,-0.1391952656641886,0.07874804841719003,0.058497325899019216,0.01786372854370591
-0.9697124,-0.27117423493414566,-0.4134478248007785,-0.18954663426964413,-0.06136998876304734,-0.15412988399247624,0.08275528413798156,0.05774787092091584,0.01785695889088631
0.075592905,0.378917708588846,0.039028964880682485,-0.21482021864140408,-0.09972625495806055,-0.16783444885778032,0.08671680514339299,0.05698585315099147,0.01785021786482318
-0.47310877,-0.42491471086149674,0.25138691403690966,-0.17585505217926584,-0.1366501576162767,-0.18011066196249653,0.09062964070024414,0.05621126702190413,0.017843511346401428
0.38248506,0.4748844852208777,0.22054373103599667,-0.08182138841258078,-0.17170707279631245,-0.19076969131120555,0.09449085679112311,0.0554241068587734,0.01783684521650592
-0.69759065,-0.4755882133684379,-0.05004771552193636,0.04495303744575236,-0.20440111008137307,-0.19962858971894132,0.09829752105767059,0.054624367315293805,0.017830225356021565
-0.22997998,0.17392278638389627,-0.2866689332732897,0.16191321205517567,-0.23393472096563384,-0.20650927020329088,0.10204663951484516,0.05381204435945883,0.017823657645833244
0.15207602,0.45952509940995234,-0.23598202506808796,0.229545917398128,-0.25944534228922717,-0.21124683859489565,0.10573512430534672,0.052987134839342816,0.01781714796682585
-0.40744,-0.4566850492016904,0.1241152595086378,0.2330058352592707,-0.2800974584985594,-0.2136960224816608,0.10935948656472157,0.052149637806918656,0.01781070219988428
-0.10944198,-0.43156644618206796,0.4648273378321365,0.16943731821163624,-0.29487164657608766,-0.2137452785426704,0.11291593198101335,0.05129955533923908,0.017804326225893428
0.71292883,0.6049992024483936,0.4126709559347924,0.04623360446347484,-0.30248561932262275,-0.21133275119049066,0.11640025503577826,0.050436899434996005,0.01779802592573817
-1.1599894,-0.543647562440069,-0.189371787456588,-0.09752094874889136,-0.3016325507939218,-0.20645221604177252,0.11980790481763574,0.04956168466090055,0.017791807232126398
-0.69602597,0.35524858853684577,-0.5832975861762455,-0.20574710618859196,-0.29104853652884705,-0.19915444910024374,0.12313388541975019,0.04867392709758159,0.017785676285057863
-1.1882892,-0.5041585851207582,-0.18523431046471003,-0.23414847232316663,-0.26974595256892814,-0.1895563815911259,0.12637317665742342,0.047773650092939705,0.0177796392763553
0.5579544,0.6230669175262229,0.3884697882779418,-0.19436825706379018,-0.2379782174624236,-0.17782351135251928,0.12952077232045733,0.04686088918053206,0.017773702397841425
0.29488423,0.05861340221438014,0.5067620233532315,-0.11089138359241404,-0.19733815484693962,-0.1641441128934921,0.1325717302403131,0.04593568328019714,0.01776787184127621
-0.5728922,-0.7042802935499136,0.24215521368764142,-0.005609388963856013,-0.15008877619814456,-0.14871564583900773,0.135521093870812,0.044998073000273024,0.017762153831361954
-0.44200036,-0.33442925151080205,-0.11392673459361236,0.09579985287355385,-0.09872958271138348,-0.1317400601462043,0.13836389741300686,0.04404809997827958,0.01775655472551208
0.027234068,0.16962012253895445,-0.37460574028272875,0.16814170534839643,-0.04586629662669443,-0.11342032648674899,0.14109517057157692,0.04308581033383696,0.01775108091433353
0.5886238,0.7425871430822035,-0.4456634834909927,0.19017407261304062,0.0058535538321331515,-0.0939599579466,0.14370992841842134,0.04211126566465134,0.017745738788433232
-0.61677164,-0.7457682769251329,-0.2029467225556173,0.15196187704721215,0.0538868031331672,-0.07356283818348913,0.14620318310740144,0.041124534994781886,0.01774053473841811
0.6186804,0.048327489976383066,0.28343693963170036,0.07004264788539985,0.09591146508216757,-0.052432791943223096,0.1485699483746805,0.040125692452488246,0.017735475154895097
1.6140199,0.6636188690929943,0.6711500252928418,-0.02692525858598309,0.12988729641322327,-0.030773872261817346,0.1508052362108865,0.03911482036997829,0.017730566428471112
0.1891866,-0.5864380296103853,0.6185356049530912,-0.11103302334278277,0.15408772693874692,-0.008794515602633567,0.15290403649788328,0.0380920247984388,0.017725814949753085
0.7674737,0.5093134651658358,0.06868567355730347,-0.16294023744121597,0.16737916358561797,0.013288728158251906,0.1548613312261505,0.03705742078998083,0.017721227109347943
-0.90655136,-0.41736973750626477,-0.6535976766815635,-0.1683316197903804,0.16960904870435795,0.03525333065068579,0.15667209161591067,0.03601113645195791,0.017716809297862634
-0.495371,0.19192251321656364,-0.9650479067927232,-0.11549066262408575,0.16188807317035367,0.056874836186870725,0.15833127828087043,0.03495331852863542,0.01771256790590407
-0.6464112,-0.5286950843387651,-0.54876490498826,-0.005660453497981522,0.1463122782906731,0.07792310468993632,0.15983384975027412,0.03388412137222521,0.01770850932407917
0.57281107,-0.17740777074768363,0.2150658818930711,0.12327983745134741,0.12539970157405997,0.09816224515749852,0.16117478080161407,0.03280370356441185,0.017704639962082647
2.4385538,0.943761277966515,0.8067308737986332,0.2241517572592489,0.10177576037723986,0.11735090980589005,0.16234909330334513,0.031712238145182356,0.017700966305960353
0.5405156,-1.0015760222054515,0.8563314660944202,0.25393543019897075,0.07794397715732732,0.13524980604515846,0.16335193676729345,0.03060990526793673,0.017697494835045454
0.12232976,-0.9388959525057645,0.46687518716770116,0.19490374324330084,0.05600553806573519,0.15163116616171346,0.16417849758602954,0.029496889010401192,0.01769423192546993
1.5585757,1.1780293246943594,-0.12219244884826441,0.06791606662938104,0.03722966528151109,0.16628367866542923,0.16482401322665796,0.02837337741630945,0.01769118392756537
-1.2046996,-1.0740696770282354,-0.43106169177652087,-0.09680418630088825,0.022593285807695134,0.1790224993710988,0.1652837607320781,0.027239563930949968,0.017688357191663347
0.7464293,0.8832624437573533,-0.2720112837934207,-0.2644078261127957,0.01295666742953439,0.1896931312122395,0.16555308130907292,0.026095651939303223,0.01768575809167199
-0.53905857,-0.5118444297268343,-0.08833841848885257,-0.387547854454414,0.009096837591046715,0.19817339631297315,0.16562749229841287,0.024941849944590845,0.017683393095805605
-0.44130555,-0.3048883830493474,-0.10940249131556824,-0.4263573883626032,0.011641003441059734,0.20437701118825793,0.16550336259336987,0.023778375405162526,0.017681268695855023
0.29453167,0.41317056000950003,-0.1766211542263654,-0.3754926234566204,0.020554507743445298,0.2082622187416529,0.16517843335792481,0.022605467322297637,0.017679391383611073
-0.4658666,-0.5323796596921369,-0.11922396716253013,-0.24595271388189258,0.03459648084595552,0.20983431302662162,0.16465165036004528,0.021423377639307736,0.017677767650864585
0.9904871,0.7681710161622349,-0.1402456435711772,-0.053194360244362214,0.05212997115195847,0.20912935218412418,0.16392340846720704,0.020232361676126888,0.0176764039894064
-0.6125722,-1.0309732799537938,-0.20459602873214558,0.1723477624927371,0.07141381783167586,0.20620354772183447,0.16299561389993303,0.01903267733211851,0.017675306891027337
0.6213395,-0.2179064121432387,-0.04006257818765217,0.3852159473988672,0.09068381355932549,0.2011264537795001,0.16187219105779005,0.0178245908014985,0.017674482847518262
1.3094171,-0.009002707361622375,0.29189653692027423,0.534556010285387,0.10816281436082073,0.19397950695831387,0.16055816779123705,0.016608377202925014,0.017673938350669976
3.0897884,1.5355342580999762,0.4345026407165606,0.5689034006720501,0.12210267148802025,0.18485477329842895,0.15905929627457394,0.015384314693816317,0.01767367983893502
1.8245674,0.6859133874688327,0.20806435668530185,0.4622308052816046,0.13121842113321816,0.17386593963575392,0.15738163977381522,0.01415268727182724,0.01767371353741277
-0.28112555,-0.8679900580423674,-0.1586005985328037,0.2531419838568637,0.13538908904435482,0.16116286656892367,0.155531432394461,0.012913786708880142,0.017674045617864252
-1.146663,-1.249613389259854,-0.3596157133335111,-0.004120700942323637,0.13481042286400233,0.14692440354175468,0.15351497027502525,0.0116679147718458,0.017674682252050537
0.9616918,1.0029940718359813,-0.21514767062197948,-0.2557462237003646,0.12967275064220107,0.1313514699409197,0.15133855385825085,0.01041537845396317,0.01767562961173265
-0.4572658,-0.5525933620646545,0.10976096105400147,-0.4494384083915731,0.12016298905667998,0.11465791315590257,0.14900848182481788,0.009156485720683715,0.017676893868671696
-0.27769068,-0.37342700359212144,0.2523364681487814,-0.5361483838489043,0.10653047761440833,0.09706158145558667,0.14653105234891486,0.007891544846487433,0.017678481194628674
0.25394517,0.32697631661325516,0.09150680828639725,-0.49097178980628153,0.08916511935175915,0.078779874902561,0.14391255898302555,0.006620868727559466,0.017680397761364656
-0.56212044,-0.19745668503074762,-0.28245210391584885,-0.33860582706073733,0.06857053183866146,0.060029955549985435,0.1411592764568953,0.005344789082822844,0.0176826497406407
-0.36732537,0.1462360754012032,-0.5939337175435803,-0.12632642235216918,0.04539997043443329,0.041028963599036905,0.13827750064868177,0.00406364327442823,0.017685243304217856
-0.18985769,0.062053089170591796,-0.5672859516299601,0.09612222775193963,0.020374453161663312,0.0219949529915238,0.13527363941985862,0.002777763729557393,0.017688184623857173
-0.14311247,-0.47425291657370416,-0.11378915137369519,0.2877114365528221,-0.0057395457451503325,0.003144600210631089,0.13215412458966655,0.0014874814046008445,0.017691479871319707
1.7299913,0.6847540055537712,0.5287152706018075,0.4163460130722036,-0.03214718238999596,-0.015308686519673901,0.12892536062900462,0.00019312739480076502,0.01769513521836654
0.58403015,-0.8410477152742942,0.9598547446046873,0.4518945609728215,-0.057947019867891976,-0.0331551314689044,0.12559369994585468,-0.001104966029481371,0.017699156836758642
2.1222615,0.8788475754622391,0.8457984254567819,0.37668147109211214,-0.0819887689104349,-0.050191158916634254,0.122165480515473,-0.0024064639291528317,0.017703550898257113
0.72967464,0.3945912934306648,0.17976347436278448,0.22190345563778288,-0.10313962635093624,-0.0662187374466,0.11864705177881961,-0.0037110293115396008,0.017708323574623073
-1.3143923,-0.7240843287349216,-0.5955043180981213,0.03979014191725659,-0.12038925294025235,-0.08104337010040925,0.11504481638916571,-0.005018324673497303,0.01771348103761748
-1.5679232,-0.40997069506149736,-0.9302318431736764,-0.11513900461336152,-0.13274541918850613,-0.09448041731234341,0.11136520854703846,-0.006328011991708106,0.017719029459001407
-1.2330644,-0.31485140546727025,-0.5910733605566382,-0.20043866562605014,-0.1392424986261921,-0.10636880180160357,0.10761473996415898,-0.0076397542172747844,0.017724975010535927
0.30904654,0.6294554921535949,0.03758161222043424,-0.22141768177890161,-0.13913097499382526,-0.11657823467352127,0.10379993865422912,-0.00895321812251351,0.017731323863982094
-0.5285914,-0.6586425187184721,0.47681184871196713,-0.19797267345513153,-0.13186073026457332,-0.12500676119725898,0.0999272878591992,-0.01026806919763136,0.01773808219110096
0.882111,0.7191689830767125,0.43809242166545914,-0.15439810315768593,-0.11687939284688945,-0.1315901204678202,0.0960030147925364,-0.011583971864235567,0.017745256163653567
-0.76845217,-0.7213638324685344,0.20769755106152876,-0.12331525733946042,-0.09379221393475583,-0.1363093429338075,0.09203317886259857,-0.012900588558276596,0.01775285195340093
-0.6268391,-0.5155443427479114,0.1375960652683202,-0.12804623386378,-0.06320861720562879,-0.1391867485137166,0.08802368473227515,-0.014217580877169747,0.01776087573210419
0.61223567,0.7227458404131477,0.1228166088898906,-0.14601112776533862,-0.028083177562898184,-0.14027138849478848,0.08397992338364288,-0.015534610419473668,0.017769333671524334
-0.9198435,-0.6312419092048733,-0.07458166972292198,-0.1337056250184889,0.007839950584489922,-0.1396259388246487,0.07990699482150546,-0.016851337154490963,0.017778231943422425
-0.5254403,-0.11493848610631016,-0.3500126919735652,-0.06845499096618739,0.04109915565505205,-0.13731958522895402,0.0758094269276928,-0.018167414435525806,0.01778757671955953
0.42418736,0.7399893899644913,-0.34700706937579107,0.0512666355332086,0.06889347268798252,-0.13342747407920796,0.07169143326005677,-0.01948249396188291,0.017797374171696696
-0.55244786,-0.8906320390805155,0.15115591372168838,0.19394033668658078,0.08899255267415329,-0.12802803840049579,0.06755690599646316,-0.020796227432866913,0.017807630471594973
1.7663364,1.0159729963929929,0.43051245573606833,0.3013927768148945,0.09939179777778813,-0.1212120271285006,0.06340933586336049,-0.022108266547782432,0.017818351791015413
-0.65671325,-1.0090790732261976,0.019686440812233027,0.3243349120441519,0.09845724221626556,-0.11309402377698133,0.05925192890482535,-0.023418261172293554,0.01782954430171907
0.5707355,0.6377839463109073,-0.358721433250765,0.2651053528789815,0.08596509404982731,-0.10381617452641598,0.05508789815680882,-0.024725852422139365,0.017841214175467
0.46863544,0.5471844077144181,-0.2401404860528432,0.1419970422573644,0.06387584727675896,-0.09354916137485363,0.050920527093583766,-0.026030671328076006,0.01785336758402026
-0.42889312,-0.5442904608846854,0.16144818044066767,-0.010701353824199605,0.03521719992047186,-0.08248093076670675,0.0467530892402914,-0.027332337464643836,0.017866010699139883
0.5451825,0.4583952776211082,0.3211160803915395,-0.1475950221057126,0.00317557480359667,-0.07080679860007438,0.04258879478570547,-0.028630466582663137,0.017879149692586943
-0.5276071,-0.3235353673807812,0.11001720353705075,-0.23733723663409517,-0.02906881502997602,-0.058722680648117774,0.03843048275221335,-0.02992466471681557,0.01789279073612249
-0.82988864,-0.299012186596683,-0.16549614297646248,-0.2726642654201417,-0.058431363444581975,-0.046422293761766244,0.03428089397693265,-0.03121453539306751,0.017906940001507565
-0.61120903,0.03341351410065698,-0.28256260321091775,-0.25377895136973994,-0.0822855295619501,-0.034096628918625284,0.03014284792622057,-0.03249968213738541,0.017921603660503223
0.122519664,0.6560541974299351,-0.23777413284660187,-0.18844497394006873,-0.09894970437597328,-0.021934310135320816,0.026019299860261608,-0.03377970326383795,0.01793678788487052
0.027278777,0.2721097631878981,-0.036978246796722396,-0.09603968012314443,-0.10760441474315724,-0.010120559488340605,0.021913191669930138,-0.03505417588472249,0.017952498846370523
-0.93553394,-1.0400850833346258,0.20916905470936414,-0.004694499378040868,-0.10771151100246103,0.0011782283016689183,0.017827297777413244,-0.036322670228300165,0.01796874271676425
1.4373553,1.1968177202461896,0.2769104987163404,0.05940705938641071,-0.0988871089324094,0.011833453525979669,0.013764245628598216,-0.037584755146989446,0.017985525667812776
-1.1475866,-1.2633307430005414,0.13150545142213377,0.08481717793674168,-0.08103179698302951,0.02175390606408144,0.009726569126729555,-0.03883999923779341,0.018002853871277164
-0.11713335,-0.14362036652649726,-0.005293103741902747,0.07294700688880028,-0.05486209392647222,0.03087797287766063,0.005716431890043543,-0.04008797104269779,0.018020733498918463
0.950206,1.040348042704734,-0.1149369843452919,0.03522638653162971,-0.022194993912788907,0.03915327274930335,0.0017356865961788894,-0.041328238883619084,0.018039170722497718
-0.68885565,-0.5136072298847832,-0.2131849828327686,-0.01205142973310781,0.014358283862882838,0.046530365029513104,-0.0022141864722203266,-0.04256037102745662,0.018058171713775967
-0.7638574,-0.5620826296003105,-0.17264278619091059,-0.05552722940956884,0.05172000805808876,0.05296329422260449,-0.006131851726175644,-0.04378393574110957,0.01807774264451429
0.42108005,0.31806350586950843,0.08546342670801949,-0.08381122443495678,0.08677105820606736,0.0584130028947359,-0.010016213057761012,-0.04499849702352084,0.018097889686473728
0.0626511,-0.2701622686874455,0.30701853920935424,-0.07969764829146034,0.11671710438438146,0.06284497392728629,-0.013866557968159108,-0.04620360264738486,0.018118619011415316
0.8708724,0.7696851090878342,-0.0040171357146953045,-0.029855250956115454,0.13915943400096187,0.06622718464174779,-0.017682318560130104,-0.04739879949974748,0.018139936791100132
-1.1828473,-0.992364001852126,-0.4152616513556856,0.061643655610602005,0.1524343183902792,0.0685375380729801,-0.021462968176558142,-0.048583635313231524,0.018161849197289234
-0.21389516,-0.2962545382136674,-0.25462381851028704,0.17723801833034503,0.15558102493162582,0.06977621438270769,-0.025207920594948138,-0.049757657820459864,0.018184362401743648
0.5364621,-0.12594377954575056,0.26226849967369786,0.277392418570915,0.14788229091554034,0.06998705803612137,-0.028916761388117464,-0.050920414754055315,0.018207482576224423
2.0601997,1.170482069861619,0.4076583916307587,0.31564975708140874,0.12887858643646966,0.06925869141002977,-0.03258957799258884,-0.05207145370092791,0.018231215892492644
-0.66682756,-0.9802754980186323,-0.0307385322069332,0.2638696352588868,0.09917229484018274,0.06770563917116816,-0.036226748686147746,-0.053210321665136506,0.01825556852230936
0.57163656,0.680496592890061,-0.2426949252010492,0.14327781818747404,0.061267973229907596,0.06545053080671921,-0.0398286989381585,-0.05433656550502703,0.01828054663743559
-0.4166133,-0.4490169049862449,0.040766648342766984,-0.009409976660116448,0.01839416125219543,0.06261637246135777,-0.04339595903535318,-0.055449738565709776,0.018306156409632433
0.25600517,0.40265130316131653,0.12266135541283797,-0.15167066055871462,-0.026128973487691835,0.05932518440767765,-0.046928986768743776,-0.056549420139351936,0.0183324040106609
-0.7767739,-0.37536231701278877,-0.0580888397247364,-0.2594367776260535,-0.06894286918540721,0.05569790643244185,-0.050427951990315814,-0.05763519600488485,0.01835929561228206
-0.6785261,-0.04211149392410425,-0.1288960703259387,-0.32662663996859637,-0.10674934381654361,0.05185421559309187,-0.053892815843563736,-0.058706651941240126,0.01838683738625698
-0.42841092,0.23609570876526453,-0.10440157079130832,-0.3403011307212872,-0.1367272594155888,0.04791301749288071,-0.057323556432632115,-0.05976337355784481,0.018415035504346686
-0.4739192,0.2525667066124193,-0.20063697511200015,-0.2851671413790055,-0.15714206727807992,0.04399623857773915,-0.06072026688479424,-0.060804946209017975,0.018443896138312252
-1.1919878,-0.39022422949829516,-0.3713792612127408,-0.17176279891054352,-0.16768411004032505,0.04022708262440026,-0.06408313443380761,-0.06183095800826955,0.018473425459914723
-0.40910888,0.10723411010679831,-0.2622329207630082,-0.02736292588289837,-0.1688417751450031,0.03671530261401529,-0.067412069633747,-0.06284100236162342,0.018503629640915148
-0.45803064,-0.6485587650423501,0.33368083303148993,0.11113534772116493,-0.16126838371378668,0.03354027573037062,-0.07070659871710717,-0.06383467601177216,0.018534514853074575
1.4468342,0.8498696842219243,0.6749427119477532,0.20046061614083066,-0.1456887721116422,0.0307538519837889,-0.07396559895139611,-0.06481158625862056,0.01856608726815408
-0.59306085,-0.8038971518492576,0.2242101218778498,0.21177302923560526,-0.12320598179085414,0.028379597907957896,-0.07718727693401731,-0.06577134651935522,0.0185983530579147
-0.6462627,-0.24435260646390397,-0.3459104772644207,0.16627064107064343,-0.0956368186695332,0.026431490734309938,-0.08036947133850322,-0.06671357053555237,0.01863131839411749
-0.6388909,-0.02569587628807444,-0.5096960004777602,0.09893785631201091,-0.0653098336873531,0.02492073431091015,-0.08350959588112165,-0.06763787258886281,0.018664989448523486
-0.4756628,-0.024943186155837082,-0.34949303152808775,0.039410050216772415,-0.03465303745593133,0.023856145615263433,-0.08660470831551946,-0.06854386756402533,0.01869937239289377
0.04579874,0.3261164837390423,-0.16682057491993263,0.006092893641911783,-0.005951365733228396,0.023241868052575332,-0.08965149242842133,-0.06943117275053845,0.018734473398989367
-0.5450574,-0.38811097624595237,-0.03144908288036023,0.005605904995981563,0.01885640258717977,0.023075612471701788,-0.09264611972781042,-0.07029940605176219,0.018770298638571357
0.139741,0.10779024154235615,0.10527365828174208,0.030573159669346296,0.03829101917268869,0.023343211030893773,-0.09558405450925193,-0.07114818489550367,0.018806854283400773
0.7002379,0.516008580878814,0.2003294497425297,0.06968318257839085,0.05139602085740638,0.024016258779138065,-0.09846036137145629,-0.07197712730199915,0.018844146505238676
-0.39296392,-0.6369419087416335,0.20610883578742178,0.11179871691143457,0.05768752977704944,0.025051771122298103,-0.10126967046242602,-0.07278585510565821,0.018882181475846124
0.8430762,0.6107944710159134,0.13366544575949607,0.1438479476895385,0.05710730669185976,0.02638392139163648,-0.10400611486921765,-0.07357399750164002,0.01892096536698415
0.5919155,0.46736703015497155,0.039999928132302645,0.15622344135627098,0.05019552471689419,0.0279190992409481,-0.10666340768271736,-0.07434119664067435,0.018960504350413816
-0.24312481,-0.2654818948381314,-0.02041572768943756,0.14479985875978815,0.0378532238878447,0.029539437119345705,-0.1092352160872466,-0.0750870993031697,0.019000804597896187
-0.7420925,-0.7053412628181738,-0.003637850115452432,0.11052556905870863,0.021333348847740397,0.031114304451100316,-0.1117150360542183,-0.07581135417838886,0.019041872281192314
0.2677317,0.2524304472940204,0.08189067351870741,0.059304292967988934,0.0023381436140336364,0.03251286997320544,-0.11409610550112809,-0.07651361704220161,0.01908371357206323
0.45232907,0.520924858940316,0.094799118992533,0.0005833749661220755,-0.017236541529959692,0.033606706535563496,-0.11637182958044474,-0.07719355480552116,0.019126334642270003
-0.6797718,-0.37327190733912163,-0.060406870298606696,-0.05726908403457727,-0.03548453466502632,0.03426991439875413,-0.11853560885117082,-0.07785084280993422,0.019169741663573672
-0.50520295,0.041570966262746305,-0.24524939771900797,-0.11098783639407392,-0.05052507488195203,0.034378634974684893,-0.12058085206697244,-0.07848515834267035,0.01921394080773531
-0.32969213,0.26387529002738175,-0.19586071298882568,-0.16042482375182768,-0.060501543710281665,0.03381801694074652,-0.12250098492568236,-0.07909617978139166,0.01925893824651596
-0.76916265,-0.5101555368042855,0.14546059149056575,-0.20920659283214785,-0.06363320875478656,0.032480431052032126,-0.12428977257328007,-0.07968358679377642,0.01930474015167668
0.425112,0.580905021319063,0.3596542536201718,-0.2643738147243842,-0.05860287407100385,0.03027003519433924,-0.1259412242007708,-0.08024706287159217,0.019351352694978497
-0.5900673,-0.14503360357915504,0.08708717667698043,-0.3281929542796779,-0.04477321626267172,0.02711817905166316,-0.12744971284028295,-0.08078629990405335,0.019398782048182506
-1.4948834,-0.562571144975634,-0.3174245727049652,-0.3853335802037392,-0.02234516292809368,0.022984388377913632,-0.12881030614635014,-0.0813009991995915,0.01944703438304972
-0.3509866,0.5829602460228412,-0.348592791743708,-0.4167023578262185,0.0076139815940468245,0.017851554489284292,-0.1300188744601224,-0.081790873143653,0.01949611587134123
-1.1094134,-0.6388347345350645,0.14671900807645877,-0.4081200127548266,0.04328823645850991,0.011715918449749143,-0.13107181203701235,-0.0822556518400667,0.019546032095114053
0.67952657,0.6827735093664685,0.4569832008988356,-0.3483607244625131,0.08238261482374326,0.0045824980830888006,-0.13196584148897397,-0.0826950704536393,0.019596785972463813
-0.8139335,-0.6557459207501541,0.1324531310882646,-0.2312346173143151,0.12233436547082235,-0.003530759894606804,-0.132698155793302,-0.08310886512361225,0.019648378611200487
0.12100389,0.5579814361548983,-0.31653357408765503,-0.07311158414284581,0.16017666303648936,-0.01259669656728658,-0.13326644727869577,-0.08349677767005698,0.01970081081398871
-0.6797415,-0.2213407877149904,-0.5404243687081044,0.10717818907006287,0.1927768987439132,-0.022579082729315282,-0.1336692287688977,-0.0838585588865195,0.019754083383493052
-0.25632986,-0.016732044064693793,-0.5219200149284479,0.29234052659952203,0.21722341289885555,-0.03342673640339363,-0.13390549747670163,-0.08419397355895936,0.019808197122378118
-0.25996453,-0.4888150874513342,-0.17216958312348293,0.4556888511415364,0.23086788431152352,-0.045070055570173455,-0.1339744032234847,-0.08450281153049391,0.01986315283330851
0.6361198,-0.26882382661830034,0.34447045454641895,0.5617033499571668,0.23116505401396192,-0.05741717823360831,-0.1338752123260921,-0.08478490445273883,0.01991895131894883
1.347727,0.06221551070656864,0.7484502988501673,0.5715946628887615,0.216208667381599,-0.0703491785215764,-0.1336074023954928,-0.08504010567242601,0.01997559338196368
1.9504005,0.9501269558894897,0.6536272975118504,0.4586928933540026,0.18641735775951696,-0.08370861371637715,-0.13317055878052966,-0.08526828182655159,0.020033079825017664
-0.78828937,-0.8872308452845723,-0.01821960860357695,0.25282781326291526,0.14491895401888982,-0.09730933201853519,-0.13256435301673578,-0.08546930549313647,0.02009141145077534
-0.20079035,0.529147008496743,-0.5212141142373072,0.009007513539584518,0.09547385554580883,-0.1109565354867008,-0.13178860666498257,-0.08564305688643542,0.02015058906190135
-0.779219,0.20191980505453166,-0.5056573555189334,-0.21504287646168319,0.041857989835973546,-0.124453433920841,-0.13084331808619895,-0.0857894285824528,0.02021061346106027
-1.1661752,-0.10800883245784303,-0.299935071650388,-0.3658563393513227,-0.012154419532977847,-0.13760149311645511,-0.1297285035611341,-0.08590833532377896,0.02027148545091672
-0.9338536,0.103521492541679,-0.19888797602455707,-0.41188924109042474,-0.06290069395791793,-0.15020200923225255,-0.12844416301435402,-0.08599972379394143,0.0203332058341353
-1.1932114,-0.1591353398470509,-0.1769089787660029,-0.35978465517217695,-0.107437335463822,-0.16205676821810777,-0.12699028192001363,-0.08606358891167133,0.02039577541338056
-0.67855734,0.20004482298270396,-0.10691024763773202,-0.24209709738202081,-0.1440952536419876,-0.17296818648086743,-0.12536686448395928,-0.0860999518737542,0.020459194991317153
-0.77549565,-0.1392956803775914,0.0244075124652293,-0.10127200840719654,-0.17173487731144507,-0.18274236939970087,-0.12357400289770318,-0.08610884662697575,0.02052346537060967
-0.741005,-0.32112189173950645,0.16257731199336706,0.02002051782738409,-0.18922671405049638,-0.19120230829031457,-0.12161190047477806,-0.0860903187845276,0.020588587353922667
0.33095956,0.617644035857104,0.20007897470476482,0.08652231708119422,-0.19552793830194368,-0.19821287338148946,-0.11948093310756452,-0.08604442628596339,0.020654561743920805
-1.2238082,-0.7553754767313898,0.09686462610117655,0.08454811322668537,-0.19050570560001873,-0.20367544359906067,-0.11718184824523944,-0.0859712448731994,0.02072138934326863
0.21954681,0.8598886923087804,-0.0517753253366874,0.03134397743015144,-0.17578751233735448,-0.20752061011511255,-0.11471635443386617,-0.0858708683825569,0.020789070954630784
-1.5220863,-0.8852691564283937,-0.056308644181337374,-0.041110521203580525,-0.1543054180601514,-0.20970819455907377,-0.11208730177518186,-0.08574341292873454,0.020857606715980397
0.25184664,0.8110539773837416,0.06157619206406894,-0.09485973520496549,-0.12954588568040262,-0.21020854371707934,-0.10929877517653827,-0.08558900282344081,0.020926993840351547
-1.2214963,-0.6282516031206246,-0.009363774525077364,-0.09457806621933805,-0.10475565002243777,-0.20899630630582966,-0.10635593726535769,-0.08540776930698779,0.02099722768643012
-0.8532038,-0.12586901355264118,-0.23475255713035462,-0.03556038573796436,-0.08206572924432408,-0.2060504633445425,-0.10326481829389175,-0.08519985949133588,0.021068302846876198
-0.48872533,0.2219621109567532,-0.34544604801176654,0.06100642069472793,-0.06252959386875713,-0.2013591504235225,-0.10003230252805957,-0.08496542748487661,0.021140213574879746
-0.40448037,0.003221121571218793,-0.16082380586135994,0.16501478153814308,-0.04669102236909283,-0.1949292003558706,-0.09666612250550982,-0.08470463681585301,0.021212953265603254
-0.16145933,-0.24817845261214075,0.232261347235715,0.24364230313563146,-0.034935632260542616,-0.18679532844877594,-0.0931747334066093,-0.08441768199638823,0.021286515099702228
0.93298167,0.4924763191633808,0.5182675941717073,0.26413054965318056,-0.027558439999539042,-0.17701957312312186,-0.08956676360523592,-0.08410477917555345,0.02136089225783218
0.0030153883,-0.20223627901717628,0.34417284345363036,0.20479904843643026,-0.02440678072978941,-0.16568186392381817,-0.08585097293711785,-0.08376614824031185,0.02143607792064869
-0.49119842,-0.1118779617081996,-0.15013583480884882,0.08693494617534185,-0.024484762060404862,-0.15288257427909227,-0.08203631857243948,-0.08340200907762643,0.021512065268807272
-0.47292814,0.38142692288785424,-0.46800575691633606,-0.055281933056278335,-0.026507761859122993,-0.13874403696100612,-0.0781320622704292,-0.08301258157446044,0.02158884748296346
-1.6938354,-1.1124690536258077,-0.10769343379527684,-0.19010621767875457,-0.029119655224328973,-0.12339906247512601,-0.07414758343298133,-0.0825980862834703,0.021666417743772808
0.9121544,1.13152510641928,0.4016036433464777,-0.29809998337484134,-0.031021525810564984,-0.10698892326719016,-0.07009227100216547,-0.08215874720572579,0.02174476923189082
-1.4184326,-0.9316160710304188,0.1542480501900693,-0.3633318532338555,-0.03104522753672922,-0.08965593308585049,-0.06597551279983828,-0.0816947921315315,0.021823895083748362
-0.5693918,0.28180660765964943,-0.21900301595906424,-0.37899820170598686,-0.028323330096836425,-0.07153365608392762,-0.061806699295632476,-0.08120644956076528,0.02190378825887734
-0.8635029,-0.29748361929977496,-0.024529982411914973,-0.3428492006474566,-0.022692862840885456,-0.0527455539807168,-0.05759519585026247,-0.08069394797428842,0.02198444167258508
0.059409853,0.3315848289658993,0.17598221779295511,-0.24955847154459876,-0.014954249591653663,-0.03340700556522122,-0.053350366417710376,-0.0801575158529619,0.022065848240178803
-0.27853006,-0.05490757263431612,-0.013411346816055129,-0.09842042924989747,-0.0061144539940907894,-0.013628193365524961,-0.04908157603891325,-0.07959738206869443,0.022148000876965793
-0.61708474,-0.3060772170004752,-0.2853893851304721,0.08431848969907485,0.002860308741781309,0.006483649229834727,-0.04479818819061853,-0.0790137770575835,0.022230892498253288
0.4892878,0.5352432082056712,-0.2568265104963538,0.2597994576429748,0.011009569030937251,0.02682357765412592,-0.04050956595852671,-0.07840693164677427,0.022314516019348554
-0.025926193,-0.5211714599852633,0.11939196192055203,0.395146162843504,0.01737228812476492,0.04728650493259083,-0.0362250718832815,-0.07777707720846827,0.022398864355558854
-0.03832257,-0.8877511731140179,0.3948213974085067,0.4597309789046583,0.0210450818411628,0.06776025594777453,-0.03195406632530006,-0.07712444725309645,0.022483930324523407
2.0197234,1.3372462410822468,0.23814176879196325,0.43301077254579384,0.021520494458822436,0.08811890300462746,-0.02770591061580525,-0.07644927566815729,0.02256970635320921
-1.3635345,-1.5156492651495717,-0.2111047091032084,0.33181919403936905,0.0191743778186019,0.10821745632790365,-0.023489970131681543,-0.075751796299152,0.02265618477091528
-1.1377199,-1.014086915299185,-0.405559621342616,0.18682832833363847,0.014939354800031817,0.1279002146926851,-0.0193156034158804,-0.07503224327022814,0.022743357906940504
-0.37963367,-0.24261681177332098,-0.25373666797149086,0.02801712926227137,0.009903189086809271,0.1470045940850242,-0.015192165878980368,-0.0742908518201189,0.0228312180905839
0.83473134,0.8783227765526516,0.033394880306216776,-0.1219783455295057,0.005273370735907893,0.16536778255443102,-0.01112901158815317,-0.07352785853096434,0.022919757651144432
1.2100395,1.0806671390423603,0.2695578648050103,-0.24237986417110427,0.0022703739928625574,0.1828346097528987,-0.007135490501442171,-0.07274350409403282,0.023008968917921063
-0.48536307,-0.6214780050259303,0.31641509660430517,-0.3145827387302554,0.0020792016732823636,0.1992628457643726,-0.003220952111785511,-0.07193802966569801,0.02309884422021276
-0.43274423,-0.44677710136053234,0.15472833551459206,-0.3314625986164993,0.00564595229417525,0.21452120383770612,0.000605253937964835,-0.07111167625241968,0.023189375887318474
0.079631284,0.37021778741878353,-0.11768644072061099,-0.3002149750407912,0.013410959292968226,0.22848787148459404,0.004333778087628554,-0.07026468494332927,0.02328055624853721
-0.44884607,-0.11844209960376804,-0.34004931952345535,-0.23333320998710763,0.02534530301805076,0.24105694588429136,0.007955281591287486,-0.06939729764682942,0.02337237763316792
-0.3211766,-0.0323029800306543,-0.3854764588263854,-0.14455778341091333,0.04112123264888081,0.2521363102091612,0.011460487898249837,-0.0685097593823191,0.023464832370509545
-0.23831218,-0.3081251824165686,-0.1810475851414662,-0.0503750315688972,0.060154863146514,0.26164390154000783,0.014840235061799241,-0.06760232139577763,0.02355791278986108
0.4504155,-0.12426392345690253,0.2121048107388977,0.03215726552451558,0.08179911766539329,0.26950270451582914,0.01808550416947154,-0.06667524166896878,0.02365161122052149
0.7814854,-0.19344890429401695,0.5823289249249161,0.08808734016053714,0.10535769004143396,0.27563777978600523,0.02118747614403049,-0.0657287797581971,0.02374591999178974
2.1833901,1.1353082629460645,0.5402506661984909,0.10660341477778751,0.1298913753664942,0.27997986373850237,0.02413769428461983,-0.06476319781255499,0.023840831432964792
0.044028405,-0.44262785871304045,-0.00251924696923207,0.09025571470749623,0.154174865990766,0.2824617857633233,0.026928363360557615,-0.06377876140596678,0.023936337873345617
-1.5949835,-1.556604564241339,-0.5527846806163325,0.05783089706195228,0.17684269151716453,0.2830191280394016,0.029553031485721783,-0.06277574252741237,0.024032431642231167
1.5196569,1.6230665474289714,-0.5970845025757595,0.029909813288878144,0.19652116273232056,0.28159444727809,0.032007312084498044,-0.06175442350671208,0.024129105068920447
-0.51048434,-0.8281987866510451,-0.15163236921843284,0.017542528491838613,0.21191673159008342,0.27813921709005573,0.03428901644401256,-0.06071509645135665,0.024226350482712405
-0.6798892,-1.5153939854792913,0.3240015238959013,0.01840257452907194,0.22200221425640052,0.2726257564714701,0.036397573685115245,-0.0596580595037395,0.024324160212906003
2.3675535,1.4048398879058128,0.44718428546814615,0.02670774423836296,0.22606344078542231,0.26506271861413283,0.038333807893938816,-0.0585836065059814,0.02442252658880023
-0.39147758,-1.131675971369338,0.2375973926982175,0.03574422923895633,0.22357097030199358,0.2554940841557938,0.04009974925114097,-0.0574920416321997,0.02452144193969399
-0.40436554,-0.8580832241137436,0.012922434995649643,0.039871867356075966,0.21417617856516138,0.2440101304029133,0.041698388610967994,-0.05638368008013764,0.024620898594886313
0.63162935,0.22354503517157093,-0.08292425053854119,0.036799977493205634,0.19773534917700236,0.23073728398038998,0.04313314724951356,-0.05525884042570604,0.02472088888367617
0.91836953,0.5526813110370322,-0.0783520324923096,0.0313969971363985,0.17433401441602445,0.21583182494441835,0.044407621015144665,-0.054117828715530655,0.02482140513536248
0.16619797,-0.13792111195540008,-0.06938230233098268,0.0351950832888667,0.14423967709082317,0.19946844373878872,0.04552564940476624,-0.05296094728820488,0.024922439679244266
0.24584213,-0.010608212229395418,-0.11370654604334124,0.059725934062501235,0.10808439603196449,0.18183156836541003,0.04649126500029213,-0.051788498020543895,0.025023984844620453
0.00997106,-0.13264038333606804,-0.16127941946779764,0.10708886727239776,0.0669394439905825,0.1631122530304786,0.04730860046156589,-0.05060079004731757,0.025126032960790017
0.10874004,-0.04332944150460781,-0.18968633703825233,0.16634562525501248,0.022348795378426267,0.14350802884671415,0.04798183173184623,-0.04939813783783327,0.025228576357051932
0.7399175,0.5556649036656622,-0.14841463998314627,0.21430580589928852,-0.023790073918307408,0.12321787163423985,0.048515169354909356,-0.04818086467649014,0.025331607362705177
-0.29356247,-0.7363694643448353,0.11890469092720517,0.2213994954840307,-0.06948435751256171,0.10244089315399481,0.04891284922924162,-0.04694930222456455,0.025435118307048695
1.3877106,0.8111001136023747,0.4176774501178362,0.16622253871123788,-0.11280136137550448,0.08137623469045563,0.04917912606519925,-0.04570379528171971,0.025539101519381473
-0.64379126,-0.8005368542668863,0.22948602434586565,0.042230365110416536,-0.15203429407244698,0.060223033222830916,0.04931826772446061,-0.04444469749367307,0.025643549329002455
0.20593289,0.670314474212546,-0.23995539099300095,-0.125294703376022,-0.18578092815669225,0.0391802652169624,0.049334522431046794,-0.04317236368706574,0.02574845406521065
-0.36944318,0.5133293993071771,-0.4786712901301648,-0.29798322458139376,-0.2127295888694479,0.01844504352171146,0.049232135859385816,-0.04188715026143817,0.025853808057304986
-0.9457381,0.10239387163474423,-0.42939390138789585,-0.43758937877857096,-0.23159509418589658,-0.0017912327946960705,0.04901537043452296,-0.04058942350236081,0.025959603634584456
-1.6596239,-0.8197291249138837,-0.08556324204846769,-0.5163293257626208,-0.24123180160522018,-0.02134407709962114,0.04868849611460331,-0.03927955551235707,0.026065833126348022
-0.20243134,0.12872507530560018,0.45615001518364123,-0.516248843066442,-0.24077987466753364,-0.04004392773199237,0.048255783133814095,-0.0379579186699924,0.026172488861894615
0.7269888,0.699968776080721,0.7004786040671915,-0.4237749047114236,-0.23039032508736462,-0.05775128456794372,0.047721498859262065,-0.03662488248675183,0.026279563170523247
-0.87030625,-0.6148260933822329,0.25318599255898017,-0.23323093728230823,-0.2116820198206661,-0.07435098246817474,0.04708992796293817,-0.03528080770035595,0.026387048381532878
-0.15219933,0.5265893780863037,-0.473738287132,0.021806506497943093,-0.18689121561637415,-0.08975261453080732,0.046365504383616044,-0.03392605595620276,0.02649493682422246
-0.44418994,0.2892563733310415,-0.7936575433184184,0.3011791330847654,-0.15826445997330452,-0.10388198982568113,0.04555289919381856,-0.03256099604373173,0.026603220827890985
-0.40728086,-0.247711003110813,-0.5056500951203128,0.558617867866177,-0.12786748649105997,-0.11667405202754141,0.044656941526534606,-0.031185989241939927,0.02671189272183739
-0.4838261,-1.3515129672004251,0.3655946132719346,0.7280476362503578,-0.09759995119091255,-0.1280675909548217,0.043682544884377596,-0.029801399786141554,0.026820944835360672
2.9490125,1.433115507087861,0.9443022498127389,0.7345801166849039,-0.06925622333449957,-0.13800386605768647,0.042634703740081624,-0.0284075996096144,0.026930369497759725
-0.66053945,-1.279238636971836,0.2382891132067595,0.5314629917652792,-0.044142886281989896,-0.1464313736039702,0.04151852100727553,-0.027004964106219987,0.027040159038333664
-0.044194654,0.6459304046712299,-0.7111470457894319,0.18387661871813513,-0.02258628574668602,-0.15331532296078926,0.040339276682324926,-0.025593869203744145,0.02715030578638133
-0.4359343,0.5804358081098693,-0.6876790192160452,-0.2148858323229306,-0.00466156363335826,-0.15863409849450485,0.03910255638873658,-0.024174691251122916,0.027260802071201736
-1.3527402,-0.7103499680791937,0.07239672966144765,-0.5715021594689091,0.009586833806112173,-0.16238127765821786,0.037814232240645944,-0.02274781125121762,0.02737164022209384
0.45351538,0.7726824191846785,0.5937418307353982,-0.7947322772726829,0.020132613067425358,-0.16456581919883395,0.03648068688451967,-0.02131361491726263,0.027482812568356586
-1.4517729,-0.9013157868696744,0.39323558529738617,-0.8169517301705268,0.026991649974892135,-0.16521643307668313,0.035108491598880985,-0.019872485763115687,0.027594311439289008
-0.88916117,-0.04736167236070444,-0.10157847591516989,-0.6641504733640329,0.030300766382330525,-0.16438296224933094,0.03370413505468897,-0.018424806341740055,0.027706129164189984
0.07270481,1.1322296542717818,-0.4982455462145132,-0.3929310619599856,0.03028199471414318,-0.16213747729411312,0.032273976440140115,-0.01697095900234862,0.027818258072358576
0.019871455,0.720358253169436,-0.5350305077212909,-0.06167451233150162,0.027212225029497876,-0.15857289554519252,0.030824155535303488,-0.01551132925635539,0.02793069049309369
-0.59731454,-0.4992550804559936,-0.23207200200663375,0.272915157700395,0.021435158621120776,-0.15379673531935867,0.029360638295018397,-0.014046303137159362,0.0280434187556943
-0.792474,-1.4552253882866208,0.19356776818641555,0.5554404870338373,0.013321457922510523,-0.147934796293808,0.027889481190926636,-0.01257626409494937,0.028156435189459383
1.1181506,-0.04160500920281587,0.5158693919644604,0.7303741101605218,0.0032450580342201583,-0.141132294191979,0.02641680930479713,-0.01110159280805167,0.0282697321236879
2.6098282,1.4240752597620336,0.5473236064499434,0.7503558845579527,-0.008365311580792739,-0.1335447519164951,0.02494877684757958,-0.009622668145872027,0.028383301887678836
0.8805963,0.2581962459977953,0.18120736210700078,0.6117210398815153,-0.020812949033350358,-0.12533010758480287,0.02349143787447657,-0.008139865466462896,0.02849713681073114
-0.9900028,-0.9518494545975434,-0.2844074935818693,0.3617435762197904,-0.03319302520864996,-0.11664341414259818,0.022050797397647138,-0.006653558580461134,0.02861122922214381
-1.3356644,-0.7407555832880939,-0.47899021729958685,0.05847450435356429,-0.044606447211028195,-0.10762859546833399,0.020632674961875243,-0.005164114137970894,0.02872557145121575
-0.046316564,0.5308851755136546,-0.21392771833749685,-0.2403066856175534,-0.05418162762193682,-0.09841735326291211,0.019242567932089352,-0.0036718976388145437,0.028840155827245997
-0.7261074,-0.3830260868699012,0.3009229278413547,-0.4774580287413859,-0.061057506406716346,-0.08913261768633582,0.01788593473776763,-0.0021772781366906093,0.028954974679533466
0.058293562,0.347090891008203,0.3855580306627698,-0.5973107544051972,-0.06437376734343547,-0.07988892260390844,0.016568278752139523,-0.0006806273049783006,0.029070020337377163
-1.2184037,-0.4225035244883625,-0.1197531945757383,-0.5823059760168128,-0.06331806384675642,-0.07079351268818324,0.015295057132899047,0.0008176894611675303,0.029185285130076056
-0.4899157,0.6297195997861073,-0.5526447748094111,-0.4641515025823456,-0.05742094110176061,-0.06194725110835766,0.014071577532061001,0.0023173237024041384,0.029300761352969936
-1.5329043,-0.9075958660566948,-0.24906902370622142,-0.28588959425810606,-0.046523219871250215,-0.053443827536468806,0.012903009957639546,0.0038179363454959843,0.029416441165562135
1.3570311,1.0902618047016488,0.4125593995871473,-0.09273886513751306,-0.030525970311862646,-0.04536925330293088,0.011794426237578239,0.005319193554883932,0.02953231669339682
1.6742591,0.893034179593771,0.6981218781879669,0.07037696395933431,-0.009339818716234776,-0.0378031380746528,0.01075082300808276,0.006820777033314043,0.029648380062018167
-0.42372957,-1.0687086903266445,0.463933179237239,0.17091145238627042,0.016936373960958716,-0.03082173679103249,0.009777022741432322,0.008322379585153908,0.02976462339697033
-0.10829197,-0.3948607304241751,0.011386917597876547,0.21483308793186714,0.04733087823471453,-0.024493960071792848,0.008877573008741063,0.009823699382378242,0.029881038823797494
0.5064356,0.5998652457672798,-0.41083100036906084,0.22221305935862076,0.08002515051213828,-0.01888664627983159,0.008056637533551726,0.011324451756069342,0.02999761846804379
-0.3075575,0.03682236372496435,-0.6466672637914165,0.2149692745953157,0.11282280524765077,-0.014065540528338081,0.007317932340912052,0.012824367676584562,0.030114354455253428
-0.56984466,-0.22152437087607588,-0.7196208517328745,0.2150734377507872,0.14359581003164767,-0.010095271926345153,0.006664335170118524,0.014323189267447222,0.030231238910970563
0.19024456,0.35495618844123955,-0.6005115757783378,0.2375629910527115,0.1705743394796065,-0.007038757151545509,0.006097561564452237,0.015820668449288165,0.030348263960739363
-0.33299145,-0.6303994123874564,-0.23255539857534963,0.28257459185124634,0.19230048523992913,-0.0049526664231515725,0.005618301754514209,0.017316558256025488,0.030465421730103998
0.029020494,-0.757781077104807,0.22720298685253554,0.33507851387076465,0.20745361316203925,-0.0038800350193664655,0.0052261145610256856,0.018810619702212063,0.030582704219386636
0.9106597,-0.30477654075950983,0.5943548231587106,0.37658407908927216,0.21474315978800415,-0.0038428061046249518,0.004919574577057209,0.02030262218475316,0.030700102928021483
2.9695778,1.6949229957028011,0.6386722984880813,0.3883031405487268,0.21290957774419442,-0.00483795810605934,0.004696328367518981,0.021792337140351444,0.03081760923022076
-0.788043,-1.7478687981829446,0.3637879412643617,0.35361151154301346,0.20093920523309705,-0.006822809736750966,0.004553230018315655,0.023279534690694346,0.03093521450019664
-0.009268455,-0.6664518280810806,0.21626639436829806,0.26925050477183615,0.17891718066939544,-0.00969767528646652,0.0044867722763868014,0.024763992814488864,0.031052910112161335
1.6668925,1.2089693775650405,0.15708387977525481,0.14992239827012094,0.14814347559573782,-0.013338651379356423,0.0044932642036470925,0.026245494271088844,0.031170687440327072
0.3436997,0.16407865394174465,0.01706205532841195,0.019952150428191977,0.11025754003693691,-0.017611911625039448,0.004568668933023362,0.027723826199222378,0.03128853785890604
-0.6355624,-0.3971653034652977,-0.23719506265120413,-0.09205056387058334,0.06702321556826525,-0.02238017212519082,0.004708731485678359,0.029198779414804067,0.031406452742110465
-0.43161723,0.16805497371465655,-0.46825787436632127,-0.1590483015709349,0.020315721328930877,-0.027504288673688846,0.004909129834332293,0.030670156991712175,0.03152442346415254
-1.1466162,-0.6404537315459138,-0.32928531011945517,-0.16299062309887447,-0.0278422801867822,-0.03284189099268155,0.005165488961254611,0.03213776951900524,0.031642441399244436
0.5677822,0.9309933509637276,-0.13604717463420202,-0.11432399881403546,-0.07525511564781664,-0.03824910480554815,0.005473314227831555,0.03360143963470263,0.031760497921598414
-1.3368497,-1.1275280884841685,-0.059640236377275106,-0.03917228898477457,-0.1195277978670357,-0.04358059417288579,0.0058279894461945,0.035060990056379804,0.03187858440542666
0.6928929,0.675329758224108,0.17125766019851107,0.029361066501316934,-0.15818727604887065,-0.04869076414971202,0.006224840682606866,0.03651624250031071,0.03199669222494137
1.2462436,1.0001026779660107,0.39628639397814214,0.06313941122840513,-0.18886752642904195,-0.05343449611129689,0.006659145380724666,0.037967018640618834,0.03211481275435476
0.77009225,0.6197251313550628,0.3633553163931301,0.04260750789647034,-0.2095941720222219,-0.057667457557188155,0.007126255730215882,0.03941314046616954,0.03223293736787904
-0.7167736,-0.5712264257760332,0.1455718856656858,-0.030569855638989254,-0.21964640565838514,-0.06124963659163338,0.0076216599105656145,0.04085443061903337,0.03235105743972638
-0.53365755,-0.14859010262238087,-0.03940945175646752,-0.14263095951196308,-0.2192915697168194,-0.06406069884523254,0.008140881305418016,0.04229071323614348,0.03246916434410904
-0.6748522,-0.15338359599278492,-0.03438242949540222,-0.27469187830088915,-0.20915490598300515,-0.06601993534302276,0.008679338277592217,0.043721821419102656,0.032587249455239206
-0.41573173,0.15265683631359261,0.03425381296593364,-0.40335373329333235,-0.18994586073481007,-0.06708491006211538,0.009232522030780009,0.04514759058006692,0.03270530414732904
-0.4617587,0.23473084489837473,0.0017936892735321542,-0.5042149824898753,-0.16239595854602323,-0.0672412217370623,0.009796183698542125,0.04656785665262825,0.03282331979459079
-1.2560756,-0.4374794227403402,-0.12579899746624928,-0.5589604177867258,-0.12730194675430015,-0.06648617103518807,0.010366360329253397,0.04798245493931825,0.03294128777123669
-0.30145812,0.5894635906338718,-0.2384436538846364,-0.5551183877126165,-0.08580548238022949,-0.064819518173369,0.010938968122982584,0.04939122293850309,0.033059199451478886
-1.5508057,-0.7863102902783884,-0.2553366496682457,-0.48465708862473794,-0.03975974185262296,-0.06224256517101966,0.011510022224952421,0.05079400113090992,0.0331770462095296
0.38389254,0.8840124671609896,-0.18618141750743125,-0.3507485542383189,0.008352455152805775,-0.058756637525698,0.012075809515696099,0.05219063922301656,0.033294819419601066
0.92599964,1.0567710553189074,-0.0676917319450339,-0.16872350009609707,0.05590075478394281,-0.05436294716813104,0.012632805090722572,0.053580988696890666,0.03341251045590549
-0.84637445,-1.0837274165574196,0.06748783292668176,0.039581147300464754,0.10025242537492829,-0.049064067260655965,0.013177813570493059,0.05496490443749399,0.03353011069265501
-0.9249444,-1.4986435202469142,0.13666367365379475,0.2493226133158342,0.13877911533345702,-0.042864983921524526,0.01370791864408682,0.056342257390916826,0.03364761146478833
2.4031315,1.640995337097143,0.08556473456978063,0.4328599255996407,0.1688597228359165,-0.035771128590545154,0.01422046375332366,0.057712927271388034,0.03376500395014989
0.05206873,-0.6879923028245045,-0.05834682605901535,0.5574239311556503,0.18789376228190868,-0.027789112627348782,0.014713015617417622,0.05907679470574693,0.0338822792873104
-0.73383355,-1.5175249908739568,-0.06652656205832189,0.5912513347841601,0.19347115835562245,-0.018931177467823926,0.015183250010463889,0.06043373682836535,0.03399942861484081
2.367073,1.3572399839471323,0.20728354979108743,0.5184669951682103,0.1844195988785509,-0.009235427834994108,0.01562901755084695,0.06178362952369942,0.0341164430713119
-0.11618258,-1.1944650132096886,0.4370059230798077,0.34709576960268357,0.16215850990495567,0.0012012465985755526,0.01604830258304627,0.06312634923672115,0.03423331379529453
1.7038624,1.0561444903958412,0.2720606413981953,0.10654706468220558,0.1292955784527698,0.01223778756076963,0.01643914883155457,0.06446178161020127,0.034350031925359535
0.47784382,0.57161591759304,-0.11810311155586145,-0.14826895849647748,0.08862352244050027,0.0237079096393653,0.016799603140288274,0.0657898209285403,0.03446658860007778
-0.58062565,0.11212194150407467,-0.4642638420294911,-0.3535076460415587,0.042944862417849235,0.03543893220806207,0.017127714898415313,0.06711035893088728,0.03458297495802001
-1.6391395,-0.9503519899730777,-0.38336609418426365,-0.4513746185263291,-0.004934660766996777,0.047258768805292804,0.017421540462613905,0.06842328038888083,0.03469918213775716
0.67205244,0.8368118047456412,0.19093067359110338,-0.41918283965886993,-0.05212131785536601,0.05899265028649798,0.017679136757186707,0.06972846711364816,0.03481520127786001
-0.51055056,-0.7033295662867003,0.40338009098508487,-0.2763419911249493,-0.09537979128540151,0.0704643819498345,0.017898544854515343,0.07102580131673947,0.03493102351689944
0.5690414,0.6509792861654007,-0.05518501552980215,-0.06480237350516675,-0.13116851910779145,0.08149757006349179,0.018077774731842133,0.07231516701051965,0.03504663999344624
-0.5232115,-0.3338186164041205,-0.35933951229356426,0.1345904763558525,-0.15584551975106437,0.09191694138695801,0.01821483028658235,0.07359644353750004,0.03516204184607128
-0.5821061,-0.7018094369612444,-0.1732011278270429,0.24806544409408315,-0.16582267912863458,0.10155882168567246,0.01830776950076096,0.07486950339069812,0.035277220213345374
1.2898849,0.7043959705998515,0.26704158562165936,0.24899662240741674,-0.15845993948326106,0.11028469631003772,0.018354895347574663,0.07613421490245953,0.0353921662338394
0.19899341,-0.3224449703813307,0.30666088115384815,0.13709933538426314,-0.13459544164279302,0.11799155039958059,0.01835527946760186,0.07739044501968709,0.03550687104612414
-0.024660314,-0.14055309795607263,0.030667584125089294,-0.04552655826641686,-0.09802361639627756,0.12460044403183769,0.01830850803859816,0.07863805262726568,0.03562132576866598
-0.6170887,-0.32665402865717325,-0.20786036714373574,-0.22174875489328907,-0.053178732746236426,0.13003829596579455,0.018214392093465197,0.07987689590700825,0.03573552143951331
0.10739006,0.5722062102763135,-0.35924204730503867,-0.31361996689330734,-0.00449500602378566,0.13423436203589448,0.018072996375530878,0.08110683585454515,0.03584944907661009
-0.8983268,-0.7256088316452182,-0.17171014985655764,-0.27186873588907906,0.043805056588614895,0.13711817361287518,0.01788465449774264,0.08232772094123122,0.03596309969790023
1.1988984,0.8196117651799172,0.12954528045514938,-0.09822382948656977,0.08820340504013374,0.1386197381966439,0.017649957427107062,0.08353938409994602,0.036076464321327634
-0.4694959,-0.8882134110074292,-0.12397350266322413,0.17135394152655753,0.12561864395827974,0.13867331909580327,0.017369804118608393,0.08474166054767843,0.036189533901734135
1.5599339,1.0411768679524658,-0.31186614098266463,0.4232199915759999,0.15301332386790478,0.13722157303399685,0.01704582194431189,0.08593438765469592,0.03630229914155288
0.08178994,-1.2732037252552753,0.4091793204988658,0.5472530313801097,0.1673013551623903,0.1342208704620475,0.016680481361711033,0.08711740412061626,0.036414750680114884
3.0899978,1.398869101020685,0.846513819846691,0.4918084390165117,0.16632619835523824,0.12965729343656252,0.016276889130945885,0.08829054232060915,0.03652687915675123
-0.53185344,-1.2645476262722317,0.04893705757218143,0.24708363962612748,0.15169629150548672,0.1235741816605164,0.01583862070623346,0.08945363540846768,0.03663867521079285
-0.33212563,0.05797411686474771,-0.7034081083277628,-0.07346117109997445,0.12664887605888686,0.11607498680814712,0.015369491113769089,0.090606517978992,0.036750129481570866
-0.6555704,-0.020648530757980215,-0.6393636551556132,-0.33823084744940707,0.09473453517201565,0.10728539354659761,0.014873534980833294,0.09174902685725098,0.03686123260841629
-0.17856833,0.2977511787309848,-0.2680983617575692,-0.47755813440109635,0.05952786492943361,0.0973369750836958,0.014354994487580845,0.09288100350439826,0.036971975230660155
-0.4202095,-0.2845601384901878,0.10245947010924678,-0.4815629775697085,0.024326945370626872,0.08636879917635212,0.013818188446098952,0.09400229234029694,0.03708234798763344
0.22894228,0.10202139033727566,0.2898913989459919,-0.3729092351399251,-0.008451745261356256,0.07452788347849101,0.013267479505018413,0.09511274386449627,0.03719234151866725
1.0858437,0.932382676432105,0.19882244284690617,-0.18323550279856948,-0.03746601162230419,0.06196575721727376,0.012707247561092396,0.09621220583707632,0.03730194646309259
0.7236411,0.6692659318955265,-0.09717090865796982,0.03526694097757906,-0.06160882681573912,0.04883450065103702,0.012141785968895712,0.09730052866450055,0.037411153460240466
-1.106574,-1.1902401670976708,-0.2249720374006157,0.21219762302592926,-0.07980198699097181,0.03528376311897538,0.011575338550099123,0.0983775667072027,0.03751995314944194
1.5072465,1.1115960426120624,0.07307938901829127,0.29539423300424333,-0.09114437505966162,0.02145972945140375,0.011012178804895236,0.0994431791718715,0.03762833617002804
0.68547434,-0.03477398776644873,0.425782878174671,0.28399760097992494,-0.09536105237792417,0.007505261618518618,0.010456686514157036,0.10049722779930885,0.03773629316132976
0.47965395,-0.3922293535843106,0.5672306493761303,0.19625288759719378,-0.09323200001738285,-0.006439154964098311,0.009913266840512866,0.10153957518737038,0.03784381476267815
0.06199429,-0.5317102162545693,0.4916611309006824,0.062242376680058546,-0.08617771002879476,-0.020232443952575188,0.00938632137858473,0.10257008750191776,0.037950891613404265
0.40060842,0.4125491577522072,0.09923342179768126,-0.07577865870324087,-0.07574326771283295,-0.03373543628517459,0.008880226822681532,0.10358863773427388,0.03805751435283912
-0.47657076,0.2048547474931765,-0.5544592367472291,-0.17780065355678343,-0.06345047901543305,-0.04681571230224237,0.008399282028617627,0.10459510079630158,0.03816367362031374
-1.6978441,-0.4632881251686487,-1.0599474976499028,-0.212964324334376,-0.0507509792802678,-0.05935178931018847,0.007947754003278518,0.10558935264872961,0.03826936005515919
-0.5431374,0.5594183276652349,-0.9255660967558673,-0.16332215229860395,-0.03884358382372342,-0.07123149613639837,0.007529906728311058,0.10657127184225805,0.03837456429670643
-0.91388077,-0.8316673943182381,-0.052415231870719475,-0.05509790906550225,-0.02847926955374312,-0.08235061700651272,0.007149986458469124,0.10754073979219016,0.038479277377687325
0.29478437,-0.6133138581238927,0.8394726079785099,0.06580817620952596,-0.0200892518644625,-0.09261416180753657,0.0068122194490907164,0.10849764257593905,0.03858349190443664
2.4290817,1.1707089326552784,1.079665759422438,0.15179545700184333,-0.014011934583129602,-0.10194096047641073,0.006520803152791721,0.10944186709733451,0.03868720087669004
-0.4217559,-1.069605153591174,0.42491235995287757,0.16909523330007858,-0.010425084069451666,-0.1102618538022486,0.0062798886813658725,0.11037330102244271,0.03879039729418306
0.65040725,0.7849644135963595,-0.2603159836553685,0.13028965085783217,-0.009265824042754903,-0.11751872716567785,0.00609331344764932,0.11129183538461823,0.038893074156651296
-0.92437845,-0.48409217439915403,-0.5212396319573912,0.06016760270717327,-0.010306255538009528,-0.12367756008450609,0.0059641091411877555,0.11219736346431303,0.03899522446383036
-0.18961847,0.3273715836072696,-0.5156547673879384,-0.014853520522976425,-0.013125794727756847,-0.12872529006728592,0.0058949442577342715,0.11308977763414368,0.039096841215455806
-0.500015,-0.17649525791231485,-0.2526533469110104,-0.0685622640841457,-0.01717041817049733,-0.1326573995491,0.005888107849434541,0.11396896478211822,0.03919791741126329
-0.64813197,-0.5795999909179501,0.01204778350299027,-0.08067051360267209,-0.02167436644246303,-0.13546748816471982,0.0059454510756486575,0.11483480444604313,0.03929844635333565
0.9149346,0.9453566371341238,0.04649438381348509,-0.04380963814904755,-0.02584798420562915,-0.13715443461638843,0.006068223684117484,0.11568716805791171,0.039398422553145046
-1.1156254,-1.1066852816839303,-0.029363575719553805,0.02352408857712821,-0.028992075109585246,-0.13772629774433562,0.006256743688625708,0.11652592796076239,0.03949784082451088
1.1843402,1.0755634339392948,0.028361404590336568,0.08580624299679492,-0.030425530382532862,-0.13720228342574672,0.0065107342084007305,0.1173509565030563,0.03959669598125268
0.14785874,0.0983393637163641,-0.022047388757194683,0.11595000364743831,-0.029580272107790836,-0.13560457315440116,0.006829639499102479,0.11816211510170073,0.03969498283718977
-0.6953651,-0.6562856029344011,-0.11218686422914742,0.09246975009337667,-0.026196674655434637,-0.1329588689566067,0.007212577414456702,0.11895925786506659,0.03979269620614166
0.2824522,0.2866140211255034,0.001625929933129341,0.008796111002979374,-0.020705006708519557,-0.12928394433475676,0.0076581739207252034,0.11974223024783125,0.03988983090192776
-0.10086891,-0.4077192400516597,0.42155244392474095,-0.1117192370972529,-0.014199136153779338,-0.12460043651399276,0.008164797616361425,0.1205108764563741,0.03998638173836753
0.6921656,0.48475249785133945,0.3754485007705191,-0.21508888911702176,-0.008100946688609693,-0.11893678995755681,0.00873067466188714,0.12126503734143255,0.04008234352928036
-1.205019,-0.524192456029667,-0.4289333586165297,-0.24879109324167056,-0.00386188243399357,-0.11232750867044766,0.00935372953639356,0.12200455012693984,0.040177711088485744
-0.38340425,0.5072631720349368,-0.7337443392958269,-0.17374211564256048,-0.002471692619962868,-0.10481489859002617,0.010031649714546455,0.12272925344897262,0.04027247922980311
-0.6419858,-0.9052137276795975,0.14270306644916786,0.01291915449762436,-0.004093006767483564,-0.09645475784144898,0.01076194082001874,0.1234389934173825,0.04036664276705188
2.2416487,1.2374415625948776,0.7936142809368179,0.20981312861051316,-0.008641692608003947,-0.08731219058502981,0.011542045454891776,0.12413361990329438,0.040460196514051444
-0.43141213,-1.159733263283947,0.37602763135700884,0.30789129158539735,-0.016011262199710354,-0.07746152729238923,0.01236940492968116,0.12481298361593147,0.04055313528462135
-1.1117573,-1.2026645497954411,-0.19120245884204945,0.26734138607326297,-0.025809614323358376,-0.06698528751232559,0.013241448348317303,0.1254769384546909,0.04064545389258098
0.9244415,0.9197224952657318,-0.16143169225274526,0.08786684387912141,-0.03655891181120483,-0.05598469455821773,0.014155543684847262,0.12612534706283815,0.040737147151749746
-0.2256633,-0.1772200134001554,0.029949744108384673,-0.13773653096704988,-0.04636869542714342,-0.044572771766267436,0.015109078620771403,0.12675807793204927,0.04082820987594709
-0.16674685,0.3802881998316895,-0.3662431161240307,-0.2974310835223828,-0.05331451814154681,-0.03286522038694259,0.016099448715280452,0.12737500232374319,0.04091863687899249
-1.4416186,-0.3650653991071713,-0.8218179255418656,-0.34955844726230917,-0.055552022913980335,-0.02097191235993544,0.017124050420788597,0.12797599221617437,0.04100842297470535
-0.67977595,0.19699273942023054,-0.7241399776245336,-0.2822052355401381,-0.051935029170301024,-0.008996117016944291,0.01818026918073832,0.12856092055705284,0.04109756297690514
0.21023467,0.4071218096606859,-0.1681099551575443,-0.12936810285346367,-0.04322439705975492,0.0029563909788169283,0.0192654426719632,0.12912966029027134,0.041186051699411266
0.06252574,-0.6902064667685387,0.5248767678296208,0.053155897907585424,-0.030753318041741102,0.014783833715534314,0.020376875276512683,0.12968208337499754,0.041273883956043166
2.1663227,0.9099017185432398,0.8558397739193278,0.20710700268137888,-0.015832854275705705,0.026384258234220623,0.021511853735449487,0.13021806152421808,0.041361054560620295
1.2407018,-0.01498698685249912,0.7071318402996946,0.2867013962923285,0.00029411089386718523,0.03765681247933224,0.022667616809193634,0.1307374667089192,0.04144755832696212
-0.4041902,-1.2703797938323391,0.3103089210776713,0.2931276993906508,0.016587665855050674,0.04850377472251173,0.02384138562907517,0.13124017193208626,0.04153339006888801
0.34179062,-0.059144948636619205,-0.0927539730594423,0.24747956142996938,0.0323874804688305,0.05883274728762185,0.025030362323128025,0.1317260505342786,0.04161854460021743
1.2137828,1.2099515406569514,-0.44167370014307494,0.17426568058422504,0.04713748737601172,0.06855508451812385,0.026231751244098187,0.13219497635210056,0.041703016734769845
-1.1792085,-0.9929617832336421,-0.644958515731176,0.09772843596789378,0.060371737658026794,0.07758199661096438,0.027442739168244953,0.13264682401272584,0.041786801286364667
0.63869065,0.7549743516596576,-0.472914333331066,0.03559878082977981,0.07176973844045452,0.08583178527911811,0.02866031218246147,0.13308146820388336,0.041869893068821364
-0.51054144,-0.6496352276459022,-0.1839335087798105,-0.00265339757922617,0.08125993914868498,0.09322743486288498,0.02988131347549688,0.13349878314453004,0.04195228689595929
0.9550311,0.7381074873068436,-0.13957445999315157,-0.01585210243789515,0.08932546484091043,0.0996978757033006,0.031102494913276706,0.13389864301187582,0.04203397758159801
0.09962696,-0.34311827361731156,0.052830304917462795,-0.034655985248335124,0.09669310014244836,0.10518464654847647,0.03232042744409316,0.13428092256424104,0.042114959939556836
-0.31870076,-1.0546023454799787,0.4338817530711197,-0.07563189022428052,0.10409611480420798,0.10964045925012567,0.033531657033289974,0.1346454977526844,0.04219522878365527
1.9435259,1.0040606562430054,0.6284689199484292,-0.12973057860640705,0.11191384028107938,0.1130331903609173,0.03473279441066196,0.13499224503438031,0.042274778927712774
-0.6307887,-0.7865778469588942,-0.07468014302231829,-0.18142110929061925,0.11994197906823673,0.1153510048158184,0.03592043022711106,0.13532104209630416,0.04235360518554877
-0.055241626,0.42748610237402473,-0.6990829044771172,-0.20022757613269662,0.12764202350371728,0.11661206257031606,0.03709128240131113,0.13563176885486217,0.04243170237098264
-0.5006609,-0.6993412940189916,-0.06574540998561647,-0.16237467162170996,0.13449465823934906,0.11686138833217088,0.03824209222142725,0.1359243084984646,0.04250906529783389
1.9325799,0.8802204596774371,0.6928846667334686,-0.0899441311701994,0.14007977700175187,0.11615567487799928,0.039369686996595904,0.1361985438677512,0.04258568877992189
0.03368451,-0.9131595758862366,0.49425001561629356,-0.010339178430667461,0.14382396480877951,0.11455926027201375,0.040471176527885726,0.13645435229670466,0.042661567631066176
-0.24389277,-0.7428469305041968,-0.08062695401728051,0.06999631435669572,0.14444283550839807,0.1121415587014703,0.04154372837820219,0.1366916122427649,0.04273669666508611
-0.03715912,-0.24156048766695207,-0.4063664518317981,0.14996227830823722,0.14044504985557052,0.1089761092912331,0.04258452706807152,0.13691020849032237,0.042811070695801146
0.0908983,-0.19268840694824454,-0.3841873549311525,0.22350003155255735,0.13057283356637228,0.1051411164637727,0.04359075830659892,0.1371100268601068,0.042884684537030725
1.4478706,1.0811327155827735,-0.29740408461808515,0.2776198539275801,0.1140486546649197,0.10072051056978708,0.044559580228902655,0.13729095541414083,0.042957533002594285
1.7929263,1.285255216319487,-0.15050431265603317,0.29926026885395357,0.0907959857660951,0.0958033539223706,0.0454881441107175,0.13745288262770095,0.04302961090631127
-0.8188904,-1.62050464960062,0.15635114516921467,0.2693410901866937,0.061138372162872365,0.09048264029872845,0.046373649860890494,0.13759570067859322,0.04310091306200108
2.77743,1.7381078096173308,0.534312735953949,0.17593216325745534,0.025667604221848207,0.08485767277719573,0.04721354213180965,0.1377193048584382,0.04317143428348323
-0.8234953,-1.759777444271833,0.6083099252408722,0.034548985798747746,-0.014218305713837018,0.07902793937849736,0.0480055384800764,0.13782359897051483,0.04324116938457709
0.4903932,0.10577796760304164,0.2955524734338264,-0.12984257308866243,-0.056587121874972966,0.07309234306303215,0.04874745730229964,0.1379085078939814,0.043310113179102105
1.2946211,1.5558130811669733,-0.20567040770888378,-0.2868965896228948,-0.09936932133472683,0.06714960375654534,0.04943723667003455,0.13797397324282096,0.043378260480877735
-0.67964405,0.27176951815030476,-0.6498353347418048,-0.4048825709366783,-0.14048985761247734,0.061297490490990744,0.050072879366224975,0.1380199417587484,0.04344560610372344
-2.364928,-1.2250132948077728,-0.7836394388993366,-0.4534887760912736,-0.17794884860368204,0.05563021967032856,0.05065241118735891,0.1380463672094151,0.04351214486145859
0.28959575,1.0953703626572633,-0.41711553348656394,-0.4168997804874974,-0.21006758887566657,0.05024109629975757,0.05117389350479712,0.13805320895831796,0.04357787156790271
-0.41047946,-0.43094591733929527,0.27159301543593584,-0.3149942175682894,-0.2358596769449747,0.04522281656393687,0.0516354324102911,0.13804042825221718,0.043642781567890455
-0.3975384,-0.9449647587797155,0.761539951288897,-0.17607650001138958,-0.25500571232316405,0.04066557106316039,0.05203516110208658,0.13800798973686784,0.04370687233031795
1.6427282,0.9143600700334953,0.7514485982941679,-0.02767165687365517,-0.2675069888483799,0.03665699618796382,0.05237131115457986,0.13795585966810403,0.0437701418550965
-0.45446932,-0.8319150566429855,0.28392562323481235,0.10607898139753484,-0.27348950202563355,0.03327812261765039,0.05264239903670332,0.13788400970516168,0.04383258814213749
0.6946861,0.7126487689255064,-0.18531560477320183,0.20686919839923362,-0.2732153061473983,0.03060005446052564,0.052847127905941475,0.13779242527589386,0.04389420919135225
-0.43770185,-0.1971714471845422,-0.48532200269571535,0.2637197454386232,-0.2671056516041183,0.028670272768950178,0.0529844643273294,0.13768111503281222,0.04395500300265212
-0.63480175,-0.24623414174715363,-0.6146768181515966,0.2748043445431655,-0.25578525108387096,0.02749738855118378,0.05305391771531412,0.1375501208590479,0.044014967837310966
-0.5529923,-0.30981152757089886,-0.48385275007768525,0.24603991676044745,-0.23992713186433132,0.027048408520005892,0.053055952738465424,0.13739950895729774,0.04407410300205244
